<?xml version="1.0" encoding="UTF-8"?>
<mxfile host="app.diagrams.net" agent="Mozilla/5.0 (X11; Linux x86_64; rv:131.0) Gecko/20100101 Firefox/131.0" version="24.8.6">
  <diagram name="Page-1" id="2hjyCBao6jp06NQkKiC3">
    <mxGraphModel dx="2020" dy="1097" grid="1" gridSize="10" guides="1" tooltips="1" connect="1" arrows="1" fold="1" page="1" pageScale="1" pageWidth="850" pageHeight="1100" background="#ffffff" math="0" shadow="0">
      <root>
        <mxCell id="0" />
        <mxCell id="1" parent="0" />
        <mxCell id="xq30c-s1tJePtLoKyHT--92" value="" style="html=1;dashed=0;whiteSpace=wrap;" vertex="1" parent="1">
          <mxGeometry x="-90" width="1210" height="870" as="geometry" />
        </mxCell>
        <mxCell id="xq30c-s1tJePtLoKyHT--93" value="Client" style="text;html=1;align=center;verticalAlign=middle;resizable=0;points=[];autosize=1;strokeColor=none;fillColor=none;" vertex="1" parent="1">
          <mxGeometry x="445" y="10" width="60" height="30" as="geometry" />
        </mxCell>
        <mxCell id="xq30c-s1tJePtLoKyHT--56" value="" style="html=1;dashed=0;whiteSpace=wrap;" vertex="1" parent="1">
          <mxGeometry x="-20" y="50" width="1070" height="710" as="geometry" />
        </mxCell>
        <mxCell id="xq30c-s1tJePtLoKyHT--66" style="edgeStyle=orthogonalEdgeStyle;rounded=0;orthogonalLoop=1;jettySize=auto;html=1;exitX=1;exitY=0.5;exitDx=0;exitDy=0;" edge="1" parent="1" source="xq30c-s1tJePtLoKyHT--1" target="xq30c-s1tJePtLoKyHT--6">
          <mxGeometry relative="1" as="geometry" />
        </mxCell>
        <mxCell id="xq30c-s1tJePtLoKyHT--1" value="" style="rounded=0;whiteSpace=wrap;html=1;" vertex="1" parent="1">
          <mxGeometry x="10" y="195.25" width="230" height="384.75" as="geometry" />
        </mxCell>
        <mxCell id="xq30c-s1tJePtLoKyHT--2" value="GridItem" style="rounded=1;whiteSpace=wrap;html=1;" vertex="1" parent="1">
          <mxGeometry x="20" y="225.25" width="210" height="30" as="geometry" />
        </mxCell>
        <mxCell id="xq30c-s1tJePtLoKyHT--3" value="EditableItem" style="rounded=1;whiteSpace=wrap;html=1;" vertex="1" parent="1">
          <mxGeometry x="19" y="262.25" width="210" height="30" as="geometry" />
        </mxCell>
        <mxCell id="xq30c-s1tJePtLoKyHT--5" value="TabItemModel" style="rounded=1;whiteSpace=wrap;html=1;" vertex="1" parent="1">
          <mxGeometry x="19" y="300.25" width="210" height="30" as="geometry" />
        </mxCell>
        <mxCell id="xq30c-s1tJePtLoKyHT--87" style="edgeStyle=orthogonalEdgeStyle;rounded=0;orthogonalLoop=1;jettySize=auto;html=1;exitX=0.5;exitY=1;exitDx=0;exitDy=0;" edge="1" parent="1" source="xq30c-s1tJePtLoKyHT--6" target="xq30c-s1tJePtLoKyHT--69">
          <mxGeometry relative="1" as="geometry" />
        </mxCell>
        <mxCell id="xq30c-s1tJePtLoKyHT--6" value="" style="rounded=0;whiteSpace=wrap;html=1;" vertex="1" parent="1">
          <mxGeometry x="360" y="89.5" width="230" height="640.5" as="geometry" />
        </mxCell>
        <mxCell id="xq30c-s1tJePtLoKyHT--10" value="ContextMenuMT" style="rounded=1;whiteSpace=wrap;html=1;" vertex="1" parent="1">
          <mxGeometry x="370.5" y="157" width="210" height="30" as="geometry" />
        </mxCell>
        <mxCell id="xq30c-s1tJePtLoKyHT--11" value="ContextMenuTabControlMT" style="rounded=1;whiteSpace=wrap;html=1;" vertex="1" parent="1">
          <mxGeometry x="369.5" y="194" width="210" height="30" as="geometry" />
        </mxCell>
        <mxCell id="xq30c-s1tJePtLoKyHT--12" value="ContextMenuTableMT" style="rounded=1;whiteSpace=wrap;html=1;" vertex="1" parent="1">
          <mxGeometry x="369.5" y="232" width="210" height="30" as="geometry" />
        </mxCell>
        <mxCell id="xq30c-s1tJePtLoKyHT--13" value="ViewModel" style="text;html=1;align=center;verticalAlign=middle;resizable=0;points=[];autosize=1;strokeColor=none;fillColor=none;" vertex="1" parent="1">
          <mxGeometry x="430.5" y="93.5" width="90" height="30" as="geometry" />
        </mxCell>
        <mxCell id="xq30c-s1tJePtLoKyHT--14" value="ContextMenuItem" style="rounded=1;whiteSpace=wrap;html=1;" vertex="1" parent="1">
          <mxGeometry x="20" y="338.25" width="210" height="30" as="geometry" />
        </mxCell>
        <mxCell id="xq30c-s1tJePtLoKyHT--15" value="ConfirmationDialog" style="rounded=1;whiteSpace=wrap;html=1;" vertex="1" parent="1">
          <mxGeometry x="369.5" y="267.5" width="210" height="30" as="geometry" />
        </mxCell>
        <mxCell id="xq30c-s1tJePtLoKyHT--16" value="TextBoxDialog" style="rounded=1;whiteSpace=wrap;html=1;" vertex="1" parent="1">
          <mxGeometry x="369.5" y="305" width="210" height="30" as="geometry" />
        </mxCell>
        <mxCell id="xq30c-s1tJePtLoKyHT--17" value="EditWindow" style="rounded=1;whiteSpace=wrap;html=1;" vertex="1" parent="1">
          <mxGeometry x="369.5" y="343.5" width="210" height="30" as="geometry" />
        </mxCell>
        <mxCell id="xq30c-s1tJePtLoKyHT--18" value="DataGridMT" style="rounded=1;whiteSpace=wrap;html=1;" vertex="1" parent="1">
          <mxGeometry x="368.5" y="381.5" width="210" height="30" as="geometry" />
        </mxCell>
        <mxCell id="xq30c-s1tJePtLoKyHT--19" value="GridItem" style="rounded=1;whiteSpace=wrap;html=1;" vertex="1" parent="1">
          <mxGeometry x="368.5" y="420.5" width="210" height="30" as="geometry" />
        </mxCell>
        <mxCell id="xq30c-s1tJePtLoKyHT--20" value="ListBoxMT" style="rounded=1;whiteSpace=wrap;html=1;" vertex="1" parent="1">
          <mxGeometry x="368.5" y="459.5" width="210" height="30" as="geometry" />
        </mxCell>
        <mxCell id="xq30c-s1tJePtLoKyHT--21" value="ToolRequest" style="rounded=1;whiteSpace=wrap;html=1;" vertex="1" parent="1">
          <mxGeometry x="20" y="450.75" width="210" height="30" as="geometry" />
        </mxCell>
        <mxCell id="xq30c-s1tJePtLoKyHT--22" value="Model" style="text;html=1;align=center;verticalAlign=middle;resizable=0;points=[];autosize=1;strokeColor=none;fillColor=none;" vertex="1" parent="1">
          <mxGeometry x="95" y="194.25" width="60" height="30" as="geometry" />
        </mxCell>
        <mxCell id="xq30c-s1tJePtLoKyHT--23" value="Manager" style="rounded=1;whiteSpace=wrap;html=1;" vertex="1" parent="1">
          <mxGeometry x="20" y="376.5" width="210" height="30" as="geometry" />
        </mxCell>
        <mxCell id="xq30c-s1tJePtLoKyHT--24" value="Clinic" style="rounded=1;whiteSpace=wrap;html=1;" vertex="1" parent="1">
          <mxGeometry x="20" y="413.5" width="210" height="30" as="geometry" />
        </mxCell>
        <mxCell id="xq30c-s1tJePtLoKyHT--25" value="TabItemMT" style="rounded=1;whiteSpace=wrap;html=1;" vertex="1" parent="1">
          <mxGeometry x="368.5" y="497.5" width="210" height="30" as="geometry" />
        </mxCell>
        <mxCell id="xq30c-s1tJePtLoKyHT--26" value="TabControlMT" style="rounded=1;whiteSpace=wrap;html=1;" vertex="1" parent="1">
          <mxGeometry x="368.5" y="536.5" width="210" height="30" as="geometry" />
        </mxCell>
        <mxCell id="xq30c-s1tJePtLoKyHT--27" value="" style="rounded=0;whiteSpace=wrap;html=1;" vertex="1" parent="1">
          <mxGeometry x="730" y="85.75" width="230" height="604.25" as="geometry" />
        </mxCell>
        <mxCell id="xq30c-s1tJePtLoKyHT--28" value="DataGridMT" style="rounded=1;whiteSpace=wrap;html=1;" vertex="1" parent="1">
          <mxGeometry x="740.5" y="154.25" width="210" height="30" as="geometry" />
        </mxCell>
        <mxCell id="xq30c-s1tJePtLoKyHT--29" value="ConfirmationDialog" style="rounded=1;whiteSpace=wrap;html=1;" vertex="1" parent="1">
          <mxGeometry x="739.5" y="191.25" width="210" height="30" as="geometry" />
        </mxCell>
        <mxCell id="xq30c-s1tJePtLoKyHT--30" value="TextBoxDialog" style="rounded=1;whiteSpace=wrap;html=1;" vertex="1" parent="1">
          <mxGeometry x="739.5" y="229.25" width="210" height="30" as="geometry" />
        </mxCell>
        <mxCell id="xq30c-s1tJePtLoKyHT--31" value="View" style="text;html=1;align=center;verticalAlign=middle;resizable=0;points=[];autosize=1;strokeColor=none;fillColor=none;" vertex="1" parent="1">
          <mxGeometry x="820.5" y="87.75" width="50" height="30" as="geometry" />
        </mxCell>
        <mxCell id="xq30c-s1tJePtLoKyHT--32" value="EditWindow" style="rounded=1;whiteSpace=wrap;html=1;" vertex="1" parent="1">
          <mxGeometry x="739.5" y="264.75" width="210" height="30" as="geometry" />
        </mxCell>
        <mxCell id="xq30c-s1tJePtLoKyHT--33" value="ListBoxMT" style="rounded=1;whiteSpace=wrap;html=1;" vertex="1" parent="1">
          <mxGeometry x="739.5" y="302.25" width="210" height="30" as="geometry" />
        </mxCell>
        <mxCell id="xq30c-s1tJePtLoKyHT--34" value="EditWindow" style="rounded=1;whiteSpace=wrap;html=1;" vertex="1" parent="1">
          <mxGeometry x="739.5" y="340.75" width="210" height="30" as="geometry" />
        </mxCell>
        <mxCell id="xq30c-s1tJePtLoKyHT--35" value="DataGridMT" style="rounded=1;whiteSpace=wrap;html=1;" vertex="1" parent="1">
          <mxGeometry x="738.5" y="378.75" width="210" height="30" as="geometry" />
        </mxCell>
        <mxCell id="xq30c-s1tJePtLoKyHT--36" value="GridItem" style="rounded=1;whiteSpace=wrap;html=1;" vertex="1" parent="1">
          <mxGeometry x="738.5" y="417.75" width="210" height="30" as="geometry" />
        </mxCell>
        <mxCell id="xq30c-s1tJePtLoKyHT--37" value="ListBoxMT" style="rounded=1;whiteSpace=wrap;html=1;" vertex="1" parent="1">
          <mxGeometry x="738.5" y="456.75" width="210" height="30" as="geometry" />
        </mxCell>
        <mxCell id="xq30c-s1tJePtLoKyHT--38" value="TabItemMT" style="rounded=1;whiteSpace=wrap;html=1;" vertex="1" parent="1">
          <mxGeometry x="738.5" y="494.75" width="210" height="30" as="geometry" />
        </mxCell>
        <mxCell id="xq30c-s1tJePtLoKyHT--39" value="TabControlMT" style="rounded=1;whiteSpace=wrap;html=1;" vertex="1" parent="1">
          <mxGeometry x="738.5" y="533.75" width="210" height="30" as="geometry" />
        </mxCell>
        <mxCell id="xq30c-s1tJePtLoKyHT--40" value="Main" style="rounded=1;whiteSpace=wrap;html=1;" vertex="1" parent="1">
          <mxGeometry x="370.5" y="122" width="210" height="30" as="geometry" />
        </mxCell>
        <mxCell id="xq30c-s1tJePtLoKyHT--41" value="MainWindow" style="rounded=1;whiteSpace=wrap;html=1;" vertex="1" parent="1">
          <mxGeometry x="740.5" y="119.25" width="210" height="30" as="geometry" />
        </mxCell>
        <mxCell id="xq30c-s1tJePtLoKyHT--50" value="" style="endArrow=open;endSize=12;dashed=1;html=1;rounded=0;exitX=1;exitY=0.5;exitDx=0;exitDy=0;entryX=0;entryY=0.5;entryDx=0;entryDy=0;" edge="1" parent="1" source="xq30c-s1tJePtLoKyHT--6" target="xq30c-s1tJePtLoKyHT--27">
          <mxGeometry width="160" relative="1" as="geometry">
            <mxPoint x="600" y="330" as="sourcePoint" />
            <mxPoint x="760" y="330" as="targetPoint" />
          </mxGeometry>
        </mxCell>
        <mxCell id="xq30c-s1tJePtLoKyHT--51" value="ToolRequest" style="rounded=1;whiteSpace=wrap;html=1;" vertex="1" parent="1">
          <mxGeometry x="369.5" y="576.5" width="210" height="30" as="geometry" />
        </mxCell>
        <mxCell id="xq30c-s1tJePtLoKyHT--52" value="ToolRequestWindow" style="rounded=1;whiteSpace=wrap;html=1;" vertex="1" parent="1">
          <mxGeometry x="738.5" y="572.5" width="210" height="30" as="geometry" />
        </mxCell>
        <mxCell id="xq30c-s1tJePtLoKyHT--53" value="ToolJournalItem" style="rounded=1;whiteSpace=wrap;html=1;" vertex="1" parent="1">
          <mxGeometry x="19" y="489.75" width="210" height="30" as="geometry" />
        </mxCell>
        <mxCell id="xq30c-s1tJePtLoKyHT--54" value="Journal" style="rounded=1;whiteSpace=wrap;html=1;" vertex="1" parent="1">
          <mxGeometry x="370" y="615" width="210" height="30" as="geometry" />
        </mxCell>
        <mxCell id="xq30c-s1tJePtLoKyHT--55" value="Journal" style="rounded=1;whiteSpace=wrap;html=1;" vertex="1" parent="1">
          <mxGeometry x="739.5" y="611" width="210" height="30" as="geometry" />
        </mxCell>
        <mxCell id="xq30c-s1tJePtLoKyHT--57" value="MVVM" style="text;html=1;align=center;verticalAlign=middle;resizable=0;points=[];autosize=1;strokeColor=none;fillColor=none;" vertex="1" parent="1">
          <mxGeometry x="443.5" y="50" width="60" height="30" as="geometry" />
        </mxCell>
        <mxCell id="xq30c-s1tJePtLoKyHT--67" value="" style="rounded=0;whiteSpace=wrap;html=1;" vertex="1" parent="1">
          <mxGeometry x="360.5" y="780" width="230" height="80" as="geometry" />
        </mxCell>
        <mxCell id="xq30c-s1tJePtLoKyHT--68" value="ApiClient" style="rounded=1;whiteSpace=wrap;html=1;" vertex="1" parent="1">
          <mxGeometry x="370.5" y="810" width="210" height="30" as="geometry" />
        </mxCell>
        <mxCell id="xq30c-s1tJePtLoKyHT--69" value="Networking" style="text;html=1;align=center;verticalAlign=middle;resizable=0;points=[];autosize=1;strokeColor=none;fillColor=none;" vertex="1" parent="1">
          <mxGeometry x="429.5" y="780" width="90" height="30" as="geometry" />
        </mxCell>
        <mxCell id="xq30c-s1tJePtLoKyHT--71" value="User" style="rounded=1;whiteSpace=wrap;html=1;" vertex="1" parent="1">
          <mxGeometry x="19" y="527.5" width="210" height="30" as="geometry" />
        </mxCell>
        <mxCell id="xq30c-s1tJePtLoKyHT--72" value="Login" style="rounded=1;whiteSpace=wrap;html=1;" vertex="1" parent="1">
          <mxGeometry x="368.5" y="651" width="210" height="30" as="geometry" />
        </mxCell>
        <mxCell id="xq30c-s1tJePtLoKyHT--73" value="LoginWindow" style="rounded=1;whiteSpace=wrap;html=1;" vertex="1" parent="1">
          <mxGeometry x="740.5" y="651" width="210" height="30" as="geometry" />
        </mxCell>
        <mxCell id="xq30c-s1tJePtLoKyHT--74" value="User" style="rounded=1;whiteSpace=wrap;html=1;" vertex="1" parent="1">
          <mxGeometry x="368.5" y="690" width="210" height="30" as="geometry" />
        </mxCell>
        <mxCell id="xq30c-s1tJePtLoKyHT--83" value="" style="rounded=0;whiteSpace=wrap;html=1;" vertex="1" parent="1">
          <mxGeometry x="10" y="910" width="230" height="80" as="geometry" />
        </mxCell>
        <mxCell id="xq30c-s1tJePtLoKyHT--84" value="JwtService" style="rounded=1;whiteSpace=wrap;html=1;" vertex="1" parent="1">
          <mxGeometry x="20" y="940" width="210" height="30" as="geometry" />
        </mxCell>
        <mxCell id="xq30c-s1tJePtLoKyHT--102" style="edgeStyle=orthogonalEdgeStyle;rounded=0;orthogonalLoop=1;jettySize=auto;html=1;entryX=0.5;entryY=1;entryDx=0;entryDy=0;" edge="1" parent="1" source="xq30c-s1tJePtLoKyHT--85" target="xq30c-s1tJePtLoKyHT--1">
          <mxGeometry relative="1" as="geometry" />
        </mxCell>
        <mxCell id="xq30c-s1tJePtLoKyHT--85" value="Auth" style="text;html=1;align=center;verticalAlign=middle;resizable=0;points=[];autosize=1;strokeColor=none;fillColor=none;" vertex="1" parent="1">
          <mxGeometry x="99" y="910" width="50" height="30" as="geometry" />
        </mxCell>
        <mxCell id="xq30c-s1tJePtLoKyHT--88" value="" style="rounded=0;whiteSpace=wrap;html=1;" vertex="1" parent="1">
          <mxGeometry x="320" y="910" width="830" height="210" as="geometry" />
        </mxCell>
        <mxCell id="xq30c-s1tJePtLoKyHT--90" value="Server" style="text;html=1;align=center;verticalAlign=middle;resizable=0;points=[];autosize=1;strokeColor=none;fillColor=none;" vertex="1" parent="1">
          <mxGeometry x="710" y="910" width="60" height="30" as="geometry" />
        </mxCell>
        <mxCell id="xq30c-s1tJePtLoKyHT--104" style="edgeStyle=orthogonalEdgeStyle;rounded=0;orthogonalLoop=1;jettySize=auto;html=1;entryX=1;entryY=0.5;entryDx=0;entryDy=0;" edge="1" parent="1" source="xq30c-s1tJePtLoKyHT--96" target="xq30c-s1tJePtLoKyHT--83">
          <mxGeometry relative="1" as="geometry" />
        </mxCell>
        <mxCell id="xq30c-s1tJePtLoKyHT--113" style="edgeStyle=orthogonalEdgeStyle;rounded=0;orthogonalLoop=1;jettySize=auto;html=1;exitX=1;exitY=0.5;exitDx=0;exitDy=0;entryX=0;entryY=0.5;entryDx=0;entryDy=0;" edge="1" parent="1" source="xq30c-s1tJePtLoKyHT--96" target="xq30c-s1tJePtLoKyHT--98">
          <mxGeometry relative="1" as="geometry" />
        </mxCell>
        <mxCell id="xq30c-s1tJePtLoKyHT--96" value="" style="rounded=0;whiteSpace=wrap;html=1;" vertex="1" parent="1">
          <mxGeometry x="340.25" y="950" width="230" height="130" as="geometry" />
        </mxCell>
        <mxCell id="xq30c-s1tJePtLoKyHT--97" value="Controller" style="text;html=1;align=center;verticalAlign=middle;resizable=0;points=[];autosize=1;strokeColor=none;fillColor=none;" vertex="1" parent="1">
          <mxGeometry x="414.25" y="954" width="80" height="30" as="geometry" />
        </mxCell>
        <mxCell id="xq30c-s1tJePtLoKyHT--89" value="User" style="rounded=1;whiteSpace=wrap;html=1;" vertex="1" parent="1">
          <mxGeometry x="349.25" y="991" width="210" height="30" as="geometry" />
        </mxCell>
        <mxCell id="xq30c-s1tJePtLoKyHT--94" value="ToolRequest" style="rounded=1;whiteSpace=wrap;html=1;" vertex="1" parent="1">
          <mxGeometry x="349.25" y="1030" width="210" height="30" as="geometry" />
        </mxCell>
        <mxCell id="xq30c-s1tJePtLoKyHT--114" style="edgeStyle=orthogonalEdgeStyle;rounded=0;orthogonalLoop=1;jettySize=auto;html=1;exitX=1;exitY=0.5;exitDx=0;exitDy=0;entryX=0;entryY=0.5;entryDx=0;entryDy=0;" edge="1" parent="1" source="xq30c-s1tJePtLoKyHT--98" target="xq30c-s1tJePtLoKyHT--105">
          <mxGeometry relative="1" as="geometry" />
        </mxCell>
        <mxCell id="xq30c-s1tJePtLoKyHT--98" value="" style="rounded=0;whiteSpace=wrap;html=1;" vertex="1" parent="1">
          <mxGeometry x="620" y="950" width="230" height="130" as="geometry" />
        </mxCell>
        <mxCell id="xq30c-s1tJePtLoKyHT--99" value="Service" style="text;html=1;align=center;verticalAlign=middle;resizable=0;points=[];autosize=1;strokeColor=none;fillColor=none;" vertex="1" parent="1">
          <mxGeometry x="699" y="956" width="70" height="30" as="geometry" />
        </mxCell>
        <mxCell id="xq30c-s1tJePtLoKyHT--100" value="User" style="rounded=1;whiteSpace=wrap;html=1;" vertex="1" parent="1">
          <mxGeometry x="629" y="991" width="210" height="30" as="geometry" />
        </mxCell>
        <mxCell id="xq30c-s1tJePtLoKyHT--101" value="ToolRequest" style="rounded=1;whiteSpace=wrap;html=1;" vertex="1" parent="1">
          <mxGeometry x="629" y="1030" width="210" height="30" as="geometry" />
        </mxCell>
        <mxCell id="xq30c-s1tJePtLoKyHT--112" style="edgeStyle=orthogonalEdgeStyle;rounded=0;orthogonalLoop=1;jettySize=auto;html=1;exitX=1;exitY=0.5;exitDx=0;exitDy=0;entryX=0.5;entryY=1;entryDx=0;entryDy=0;" edge="1" parent="1" source="xq30c-s1tJePtLoKyHT--105" target="xq30c-s1tJePtLoKyHT--109">
          <mxGeometry relative="1" as="geometry" />
        </mxCell>
        <mxCell id="xq30c-s1tJePtLoKyHT--105" value="" style="rounded=0;whiteSpace=wrap;html=1;" vertex="1" parent="1">
          <mxGeometry x="890" y="950" width="230" height="130" as="geometry" />
        </mxCell>
        <mxCell id="xq30c-s1tJePtLoKyHT--106" value="Repository" style="text;html=1;align=center;verticalAlign=middle;resizable=0;points=[];autosize=1;strokeColor=none;fillColor=none;" vertex="1" parent="1">
          <mxGeometry x="964" y="956" width="80" height="30" as="geometry" />
        </mxCell>
        <mxCell id="xq30c-s1tJePtLoKyHT--107" value="User" style="rounded=1;whiteSpace=wrap;html=1;" vertex="1" parent="1">
          <mxGeometry x="899" y="991" width="210" height="30" as="geometry" />
        </mxCell>
        <mxCell id="xq30c-s1tJePtLoKyHT--108" value="ToolRequest" style="rounded=1;whiteSpace=wrap;html=1;" vertex="1" parent="1">
          <mxGeometry x="899" y="1030" width="210" height="30" as="geometry" />
        </mxCell>
        <mxCell id="xq30c-s1tJePtLoKyHT--109" value="" style="rounded=0;whiteSpace=wrap;html=1;" vertex="1" parent="1">
          <mxGeometry x="1170" y="551.5" width="230" height="80" as="geometry" />
        </mxCell>
        <mxCell id="xq30c-s1tJePtLoKyHT--110" value="Postgresql" style="rounded=1;whiteSpace=wrap;html=1;" vertex="1" parent="1">
          <mxGeometry x="1180" y="581.5" width="210" height="30" as="geometry" />
        </mxCell>
        <mxCell id="xq30c-s1tJePtLoKyHT--111" value="Database" style="text;html=1;align=center;verticalAlign=middle;resizable=0;points=[];autosize=1;strokeColor=none;fillColor=none;" vertex="1" parent="1">
          <mxGeometry x="1244" y="551.5" width="80" height="30" as="geometry" />
        </mxCell>
      </root>
    </mxGraphModel>
  </diagram>
</mxfile>
