<?xml version="1.0" encoding="UTF-8"?>
<mxfile host="app.diagrams.net" agent="Mozilla/5.0 (X11; Linux x86_64; rv:131.0) Gecko/20100101 Firefox/131.0" version="25.0.1">
  <diagram name="Page-1" id="RAMGvQOc7stzpc76W3Wx">
    <mxGraphModel dx="6573" dy="2194" grid="1" gridSize="10" guides="1" tooltips="1" connect="1" arrows="1" fold="1" page="1" pageScale="1" pageWidth="850" pageHeight="1100" background="#ffffff" math="0" shadow="0">
      <root>
        <mxCell id="0" />
        <mxCell id="1" parent="0" />
        <mxCell id="2" value="" style="rounded=0;whiteSpace=wrap;html=1;" vertex="1" parent="1">
          <mxGeometry x="-2500" y="120" width="1760" height="1038.38" as="geometry" />
        </mxCell>
        <mxCell id="3" value="" style="rounded=0;whiteSpace=wrap;html=1;" vertex="1" parent="1">
          <mxGeometry x="-2125" y="980.25" width="290" height="131" as="geometry" />
        </mxCell>
        <mxCell id="4" value="Networking" style="text;html=1;align=center;verticalAlign=middle;resizable=0;points=[];autosize=1;strokeColor=none;fillColor=none;" vertex="1" parent="1">
          <mxGeometry x="-2025" y="980.25" width="90" height="30" as="geometry" />
        </mxCell>
        <mxCell id="5" value="" style="rounded=0;whiteSpace=wrap;html=1;" vertex="1" parent="1">
          <mxGeometry x="-2460" y="157" width="600" height="690" as="geometry" />
        </mxCell>
        <mxCell id="6" style="edgeStyle=orthogonalEdgeStyle;rounded=0;orthogonalLoop=1;jettySize=auto;html=1;exitX=0;exitY=0.5;exitDx=0;exitDy=0;entryX=1;entryY=0.5;entryDx=0;entryDy=0;" edge="1" source="7" target="5" parent="1">
          <mxGeometry relative="1" as="geometry" />
        </mxCell>
        <mxCell id="7" value="" style="rounded=0;whiteSpace=wrap;html=1;" vertex="1" parent="1">
          <mxGeometry x="-1810" y="480.75" width="1050" height="650" as="geometry" />
        </mxCell>
        <mxCell id="8" value="GridItem" style="swimlane;fontStyle=0;childLayout=stackLayout;horizontal=1;startSize=26;fillColor=none;horizontalStack=0;resizeParent=1;resizeParentMax=0;resizeLast=0;collapsible=1;marginBottom=0;whiteSpace=wrap;html=1;" vertex="1" parent="1">
          <mxGeometry x="-2220" y="237.75" width="140" height="286" as="geometry">
            <mxRectangle x="-390" y="195" width="90" height="30" as="alternateBounds" />
          </mxGeometry>
        </mxCell>
        <mxCell id="9" value="+ Number: string" style="text;strokeColor=none;fillColor=none;align=left;verticalAlign=top;spacingLeft=4;spacingRight=4;overflow=hidden;rotatable=0;points=[[0,0.5],[1,0.5]];portConstraint=eastwest;whiteSpace=wrap;html=1;" vertex="1" parent="8">
          <mxGeometry y="26" width="140" height="26" as="geometry" />
        </mxCell>
        <mxCell id="10" value="+ Name: string" style="text;strokeColor=none;fillColor=none;align=left;verticalAlign=top;spacingLeft=4;spacingRight=4;overflow=hidden;rotatable=0;points=[[0,0.5],[1,0.5]];portConstraint=eastwest;whiteSpace=wrap;html=1;" vertex="1" parent="8">
          <mxGeometry y="52" width="140" height="26" as="geometry" />
        </mxCell>
        <mxCell id="11" value="+ Status: bool" style="text;strokeColor=none;fillColor=none;align=left;verticalAlign=top;spacingLeft=4;spacingRight=4;overflow=hidden;rotatable=0;points=[[0,0.5],[1,0.5]];portConstraint=eastwest;whiteSpace=wrap;html=1;" vertex="1" parent="8">
          <mxGeometry y="78" width="140" height="26" as="geometry" />
        </mxCell>
        <mxCell id="12" value="+ StoragePlace: string" style="text;strokeColor=none;fillColor=none;align=left;verticalAlign=top;spacingLeft=4;spacingRight=4;overflow=hidden;rotatable=0;points=[[0,0.5],[1,0.5]];portConstraint=eastwest;whiteSpace=wrap;html=1;" vertex="1" parent="8">
          <mxGeometry y="104" width="140" height="26" as="geometry" />
        </mxCell>
        <mxCell id="13" value="+ Clinic: string" style="text;strokeColor=none;fillColor=none;align=left;verticalAlign=top;spacingLeft=4;spacingRight=4;overflow=hidden;rotatable=0;points=[[0,0.5],[1,0.5]];portConstraint=eastwest;whiteSpace=wrap;html=1;" vertex="1" parent="8">
          <mxGeometry y="130" width="140" height="26" as="geometry" />
        </mxCell>
        <mxCell id="14" value="+ Manager: string" style="text;strokeColor=none;fillColor=none;align=left;verticalAlign=top;spacingLeft=4;spacingRight=4;overflow=hidden;rotatable=0;points=[[0,0.5],[1,0.5]];portConstraint=eastwest;whiteSpace=wrap;html=1;" vertex="1" parent="8">
          <mxGeometry y="156" width="140" height="26" as="geometry" />
        </mxCell>
        <mxCell id="15" value="+ Date: string" style="text;strokeColor=none;fillColor=none;align=left;verticalAlign=top;spacingLeft=4;spacingRight=4;overflow=hidden;rotatable=0;points=[[0,0.5],[1,0.5]];portConstraint=eastwest;whiteSpace=wrap;html=1;" vertex="1" parent="8">
          <mxGeometry y="182" width="140" height="26" as="geometry" />
        </mxCell>
        <mxCell id="16" value="+ DaysInService: num" style="text;strokeColor=none;fillColor=none;align=left;verticalAlign=top;spacingLeft=4;spacingRight=4;overflow=hidden;rotatable=0;points=[[0,0.5],[1,0.5]];portConstraint=eastwest;whiteSpace=wrap;html=1;" vertex="1" parent="8">
          <mxGeometry y="208" width="140" height="26" as="geometry" />
        </mxCell>
        <mxCell id="17" value="+ Comment: string" style="text;strokeColor=none;fillColor=none;align=left;verticalAlign=top;spacingLeft=4;spacingRight=4;overflow=hidden;rotatable=0;points=[[0,0.5],[1,0.5]];portConstraint=eastwest;whiteSpace=wrap;html=1;" vertex="1" parent="8">
          <mxGeometry y="234" width="140" height="26" as="geometry" />
        </mxCell>
        <mxCell id="18" value="+ Subdivision: string" style="text;strokeColor=none;fillColor=none;align=left;verticalAlign=top;spacingLeft=4;spacingRight=4;overflow=hidden;rotatable=0;points=[[0,0.5],[1,0.5]];portConstraint=eastwest;whiteSpace=wrap;html=1;" vertex="1" parent="8">
          <mxGeometry y="260" width="140" height="26" as="geometry" />
        </mxCell>
        <mxCell id="19" value="EditWindow" style="swimlane;fontStyle=0;childLayout=stackLayout;horizontal=1;startSize=26;fillColor=none;horizontalStack=0;resizeParent=1;resizeParentMax=0;resizeLast=0;collapsible=1;marginBottom=0;whiteSpace=wrap;html=1;" vertex="1" parent="1">
          <mxGeometry x="-2070" y="236.75" width="160" height="286" as="geometry">
            <mxRectangle x="-390" y="195" width="90" height="30" as="alternateBounds" />
          </mxGeometry>
        </mxCell>
        <mxCell id="20" value="+ Number: TextBox" style="text;strokeColor=none;fillColor=none;align=left;verticalAlign=top;spacingLeft=4;spacingRight=4;overflow=hidden;rotatable=0;points=[[0,0.5],[1,0.5]];portConstraint=eastwest;whiteSpace=wrap;html=1;" vertex="1" parent="19">
          <mxGeometry y="26" width="160" height="26" as="geometry" />
        </mxCell>
        <mxCell id="21" value="+ Name: TextBox" style="text;strokeColor=none;fillColor=none;align=left;verticalAlign=top;spacingLeft=4;spacingRight=4;overflow=hidden;rotatable=0;points=[[0,0.5],[1,0.5]];portConstraint=eastwest;whiteSpace=wrap;html=1;" vertex="1" parent="19">
          <mxGeometry y="52" width="160" height="26" as="geometry" />
        </mxCell>
        <mxCell id="22" value="+ Status: CheckBox" style="text;strokeColor=none;fillColor=none;align=left;verticalAlign=top;spacingLeft=4;spacingRight=4;overflow=hidden;rotatable=0;points=[[0,0.5],[1,0.5]];portConstraint=eastwest;whiteSpace=wrap;html=1;" vertex="1" parent="19">
          <mxGeometry y="78" width="160" height="26" as="geometry" />
        </mxCell>
        <mxCell id="23" value="+ StoragePlace: TextBox" style="text;strokeColor=none;fillColor=none;align=left;verticalAlign=top;spacingLeft=4;spacingRight=4;overflow=hidden;rotatable=0;points=[[0,0.5],[1,0.5]];portConstraint=eastwest;whiteSpace=wrap;html=1;" vertex="1" parent="19">
          <mxGeometry y="104" width="160" height="26" as="geometry" />
        </mxCell>
        <mxCell id="24" value="+ Clinic: ComboBox" style="text;strokeColor=none;fillColor=none;align=left;verticalAlign=top;spacingLeft=4;spacingRight=4;overflow=hidden;rotatable=0;points=[[0,0.5],[1,0.5]];portConstraint=eastwest;whiteSpace=wrap;html=1;" vertex="1" parent="19">
          <mxGeometry y="130" width="160" height="26" as="geometry" />
        </mxCell>
        <mxCell id="25" value="+ Manager: ComboBox" style="text;strokeColor=none;fillColor=none;align=left;verticalAlign=top;spacingLeft=4;spacingRight=4;overflow=hidden;rotatable=0;points=[[0,0.5],[1,0.5]];portConstraint=eastwest;whiteSpace=wrap;html=1;" vertex="1" parent="19">
          <mxGeometry y="156" width="160" height="26" as="geometry" />
        </mxCell>
        <mxCell id="26" value="+ Date: DatePicker" style="text;strokeColor=none;fillColor=none;align=left;verticalAlign=top;spacingLeft=4;spacingRight=4;overflow=hidden;rotatable=0;points=[[0,0.5],[1,0.5]];portConstraint=eastwest;whiteSpace=wrap;html=1;" vertex="1" parent="19">
          <mxGeometry y="182" width="160" height="26" as="geometry" />
        </mxCell>
        <mxCell id="27" value="+ DaysInService: TextBox" style="text;strokeColor=none;fillColor=none;align=left;verticalAlign=top;spacingLeft=4;spacingRight=4;overflow=hidden;rotatable=0;points=[[0,0.5],[1,0.5]];portConstraint=eastwest;whiteSpace=wrap;html=1;" vertex="1" parent="19">
          <mxGeometry y="208" width="160" height="26" as="geometry" />
        </mxCell>
        <mxCell id="28" value="+ Comment: TextBox" style="text;strokeColor=none;fillColor=none;align=left;verticalAlign=top;spacingLeft=4;spacingRight=4;overflow=hidden;rotatable=0;points=[[0,0.5],[1,0.5]];portConstraint=eastwest;whiteSpace=wrap;html=1;" vertex="1" parent="19">
          <mxGeometry y="234" width="160" height="26" as="geometry" />
        </mxCell>
        <mxCell id="29" value="+ Subdivision: string" style="text;strokeColor=none;fillColor=none;align=left;verticalAlign=top;spacingLeft=4;spacingRight=4;overflow=hidden;rotatable=0;points=[[0,0.5],[1,0.5]];portConstraint=eastwest;whiteSpace=wrap;html=1;" vertex="1" parent="19">
          <mxGeometry y="260" width="160" height="26" as="geometry" />
        </mxCell>
        <mxCell id="30" value="TabItemModel" style="swimlane;fontStyle=0;childLayout=stackLayout;horizontal=1;startSize=26;fillColor=none;horizontalStack=0;resizeParent=1;resizeParentMax=0;resizeLast=0;collapsible=1;marginBottom=0;whiteSpace=wrap;html=1;" vertex="1" parent="1">
          <mxGeometry x="-2070" y="534.5" width="160" height="52" as="geometry">
            <mxRectangle x="-390" y="195" width="90" height="30" as="alternateBounds" />
          </mxGeometry>
        </mxCell>
        <mxCell id="31" value="+ Item: object" style="text;strokeColor=none;fillColor=none;align=left;verticalAlign=top;spacingLeft=4;spacingRight=4;overflow=hidden;rotatable=0;points=[[0,0.5],[1,0.5]];portConstraint=eastwest;whiteSpace=wrap;html=1;" vertex="1" parent="30">
          <mxGeometry y="26" width="160" height="26" as="geometry" />
        </mxCell>
        <mxCell id="32" value="ContextMenuItem" style="swimlane;fontStyle=0;childLayout=stackLayout;horizontal=1;startSize=26;fillColor=none;horizontalStack=0;resizeParent=1;resizeParentMax=0;resizeLast=0;collapsible=1;marginBottom=0;whiteSpace=wrap;html=1;" vertex="1" parent="1">
          <mxGeometry x="-2070" y="598.5" width="160" height="104" as="geometry">
            <mxRectangle x="-390" y="195" width="90" height="30" as="alternateBounds" />
          </mxGeometry>
        </mxCell>
        <mxCell id="33" value="+ Name: string" style="text;strokeColor=none;fillColor=none;align=left;verticalAlign=top;spacingLeft=4;spacingRight=4;overflow=hidden;rotatable=0;points=[[0,0.5],[1,0.5]];portConstraint=eastwest;whiteSpace=wrap;html=1;" vertex="1" parent="32">
          <mxGeometry y="26" width="160" height="26" as="geometry" />
        </mxCell>
        <mxCell id="34" value="+ Header: string" style="text;strokeColor=none;fillColor=none;align=left;verticalAlign=top;spacingLeft=4;spacingRight=4;overflow=hidden;rotatable=0;points=[[0,0.5],[1,0.5]];portConstraint=eastwest;whiteSpace=wrap;html=1;" vertex="1" parent="32">
          <mxGeometry y="52" width="160" height="26" as="geometry" />
        </mxCell>
        <mxCell id="35" value="+ Command: ICommand" style="text;strokeColor=none;fillColor=none;align=left;verticalAlign=top;spacingLeft=4;spacingRight=4;overflow=hidden;rotatable=0;points=[[0,0.5],[1,0.5]];portConstraint=eastwest;whiteSpace=wrap;html=1;" vertex="1" parent="32">
          <mxGeometry y="78" width="160" height="26" as="geometry" />
        </mxCell>
        <mxCell id="36" value="Manager" style="swimlane;fontStyle=0;childLayout=stackLayout;horizontal=1;startSize=26;fillColor=none;horizontalStack=0;resizeParent=1;resizeParentMax=0;resizeLast=0;collapsible=1;marginBottom=0;whiteSpace=wrap;html=1;" vertex="1" parent="1">
          <mxGeometry x="-2410" y="531.75" width="160" height="130" as="geometry">
            <mxRectangle x="-390" y="195" width="90" height="30" as="alternateBounds" />
          </mxGeometry>
        </mxCell>
        <mxCell id="37" value="+ Name: string" style="text;strokeColor=none;fillColor=none;align=left;verticalAlign=top;spacingLeft=4;spacingRight=4;overflow=hidden;rotatable=0;points=[[0,0.5],[1,0.5]];portConstraint=eastwest;whiteSpace=wrap;html=1;" vertex="1" parent="36">
          <mxGeometry y="26" width="160" height="26" as="geometry" />
        </mxCell>
        <mxCell id="38" value="+ SecondName: string" style="text;strokeColor=none;fillColor=none;align=left;verticalAlign=top;spacingLeft=4;spacingRight=4;overflow=hidden;rotatable=0;points=[[0,0.5],[1,0.5]];portConstraint=eastwest;whiteSpace=wrap;html=1;" vertex="1" parent="36">
          <mxGeometry y="52" width="160" height="26" as="geometry" />
        </mxCell>
        <mxCell id="39" value="+ Email: string" style="text;strokeColor=none;fillColor=none;align=left;verticalAlign=top;spacingLeft=4;spacingRight=4;overflow=hidden;rotatable=0;points=[[0,0.5],[1,0.5]];portConstraint=eastwest;whiteSpace=wrap;html=1;" vertex="1" parent="36">
          <mxGeometry y="78" width="160" height="26" as="geometry" />
        </mxCell>
        <mxCell id="40" value="+ PhoneNumber: string" style="text;strokeColor=none;fillColor=none;align=left;verticalAlign=top;spacingLeft=4;spacingRight=4;overflow=hidden;rotatable=0;points=[[0,0.5],[1,0.5]];portConstraint=eastwest;whiteSpace=wrap;html=1;" vertex="1" parent="36">
          <mxGeometry y="104" width="160" height="26" as="geometry" />
        </mxCell>
        <mxCell id="41" value="User" style="swimlane;fontStyle=0;childLayout=stackLayout;horizontal=1;startSize=26;fillColor=none;horizontalStack=0;resizeParent=1;resizeParentMax=0;resizeLast=0;collapsible=1;marginBottom=0;whiteSpace=wrap;html=1;" vertex="1" parent="1">
          <mxGeometry x="-1690" y="980.75" width="160" height="130" as="geometry">
            <mxRectangle x="-390" y="195" width="90" height="30" as="alternateBounds" />
          </mxGeometry>
        </mxCell>
        <mxCell id="42" value="+ Create(): void" style="text;strokeColor=none;fillColor=none;align=left;verticalAlign=top;spacingLeft=4;spacingRight=4;overflow=hidden;rotatable=0;points=[[0,0.5],[1,0.5]];portConstraint=eastwest;whiteSpace=wrap;html=1;" vertex="1" parent="41">
          <mxGeometry y="26" width="160" height="26" as="geometry" />
        </mxCell>
        <mxCell id="43" value="+ ChangeRole(): void" style="text;strokeColor=none;fillColor=none;align=left;verticalAlign=top;spacingLeft=4;spacingRight=4;overflow=hidden;rotatable=0;points=[[0,0.5],[1,0.5]];portConstraint=eastwest;whiteSpace=wrap;html=1;" vertex="1" parent="41">
          <mxGeometry y="52" width="160" height="26" as="geometry" />
        </mxCell>
        <mxCell id="44" value="+ Rename(): void" style="text;strokeColor=none;fillColor=none;align=left;verticalAlign=top;spacingLeft=4;spacingRight=4;overflow=hidden;rotatable=0;points=[[0,0.5],[1,0.5]];portConstraint=eastwest;whiteSpace=wrap;html=1;" vertex="1" parent="41">
          <mxGeometry y="78" width="160" height="26" as="geometry" />
        </mxCell>
        <mxCell id="45" value="+ Kill(): void" style="text;strokeColor=none;fillColor=none;align=left;verticalAlign=top;spacingLeft=4;spacingRight=4;overflow=hidden;rotatable=0;points=[[0,0.5],[1,0.5]];portConstraint=eastwest;whiteSpace=wrap;html=1;" vertex="1" parent="41">
          <mxGeometry y="104" width="160" height="26" as="geometry" />
        </mxCell>
        <mxCell id="46" value="ToolRequest" style="swimlane;fontStyle=0;childLayout=stackLayout;horizontal=1;startSize=26;fillColor=none;horizontalStack=0;resizeParent=1;resizeParentMax=0;resizeLast=0;collapsible=1;marginBottom=0;whiteSpace=wrap;html=1;" vertex="1" parent="1">
          <mxGeometry x="-2390" y="381" width="160" height="130" as="geometry">
            <mxRectangle x="-390" y="195" width="90" height="30" as="alternateBounds" />
          </mxGeometry>
        </mxCell>
        <mxCell id="47" value="+ Id: number" style="text;strokeColor=none;fillColor=none;align=left;verticalAlign=top;spacingLeft=4;spacingRight=4;overflow=hidden;rotatable=0;points=[[0,0.5],[1,0.5]];portConstraint=eastwest;whiteSpace=wrap;html=1;" vertex="1" parent="46">
          <mxGeometry y="26" width="160" height="26" as="geometry" />
        </mxCell>
        <mxCell id="48" value="+ ToolNumber: string" style="text;strokeColor=none;fillColor=none;align=left;verticalAlign=top;spacingLeft=4;spacingRight=4;overflow=hidden;rotatable=0;points=[[0,0.5],[1,0.5]];portConstraint=eastwest;whiteSpace=wrap;html=1;" vertex="1" parent="46">
          <mxGeometry y="52" width="160" height="26" as="geometry" />
        </mxCell>
        <mxCell id="49" value="+ Date: string" style="text;strokeColor=none;fillColor=none;align=left;verticalAlign=top;spacingLeft=4;spacingRight=4;overflow=hidden;rotatable=0;points=[[0,0.5],[1,0.5]];portConstraint=eastwest;whiteSpace=wrap;html=1;" vertex="1" parent="46">
          <mxGeometry y="78" width="160" height="26" as="geometry" />
        </mxCell>
        <mxCell id="50" value="+ Status: bool" style="text;strokeColor=none;fillColor=none;align=left;verticalAlign=top;spacingLeft=4;spacingRight=4;overflow=hidden;rotatable=0;points=[[0,0.5],[1,0.5]];portConstraint=eastwest;whiteSpace=wrap;html=1;" vertex="1" parent="46">
          <mxGeometry y="104" width="160" height="26" as="geometry" />
        </mxCell>
        <mxCell id="51" value="ToolJournalItem" style="swimlane;fontStyle=0;childLayout=stackLayout;horizontal=1;startSize=26;fillColor=none;horizontalStack=0;resizeParent=1;resizeParentMax=0;resizeLast=0;collapsible=1;marginBottom=0;whiteSpace=wrap;html=1;" vertex="1" parent="1">
          <mxGeometry x="-2390" y="237" width="160" height="130" as="geometry">
            <mxRectangle x="-390" y="195" width="90" height="30" as="alternateBounds" />
          </mxGeometry>
        </mxCell>
        <mxCell id="52" value="+ Id: number" style="text;strokeColor=none;fillColor=none;align=left;verticalAlign=top;spacingLeft=4;spacingRight=4;overflow=hidden;rotatable=0;points=[[0,0.5],[1,0.5]];portConstraint=eastwest;whiteSpace=wrap;html=1;" vertex="1" parent="51">
          <mxGeometry y="26" width="160" height="26" as="geometry" />
        </mxCell>
        <mxCell id="53" value="+ ToolNumber: string" style="text;strokeColor=none;fillColor=none;align=left;verticalAlign=top;spacingLeft=4;spacingRight=4;overflow=hidden;rotatable=0;points=[[0,0.5],[1,0.5]];portConstraint=eastwest;whiteSpace=wrap;html=1;" vertex="1" parent="51">
          <mxGeometry y="52" width="160" height="26" as="geometry" />
        </mxCell>
        <mxCell id="54" value="+ Date: string" style="text;strokeColor=none;fillColor=none;align=left;verticalAlign=top;spacingLeft=4;spacingRight=4;overflow=hidden;rotatable=0;points=[[0,0.5],[1,0.5]];portConstraint=eastwest;whiteSpace=wrap;html=1;" vertex="1" parent="51">
          <mxGeometry y="78" width="160" height="26" as="geometry" />
        </mxCell>
        <mxCell id="55" value="+ Place: string" style="text;strokeColor=none;fillColor=none;align=left;verticalAlign=top;spacingLeft=4;spacingRight=4;overflow=hidden;rotatable=0;points=[[0,0.5],[1,0.5]];portConstraint=eastwest;whiteSpace=wrap;html=1;" vertex="1" parent="51">
          <mxGeometry y="104" width="160" height="26" as="geometry" />
        </mxCell>
        <mxCell id="56" value="GridItem" style="swimlane;fontStyle=0;childLayout=stackLayout;horizontal=1;startSize=26;fillColor=none;horizontalStack=0;resizeParent=1;resizeParentMax=0;resizeLast=0;collapsible=1;marginBottom=0;whiteSpace=wrap;html=1;" vertex="1" parent="1">
          <mxGeometry x="-1670" y="490.75" width="140" height="260" as="geometry">
            <mxRectangle x="-390" y="195" width="90" height="30" as="alternateBounds" />
          </mxGeometry>
        </mxCell>
        <mxCell id="57" value="+ Number: string" style="text;strokeColor=none;fillColor=none;align=left;verticalAlign=top;spacingLeft=4;spacingRight=4;overflow=hidden;rotatable=0;points=[[0,0.5],[1,0.5]];portConstraint=eastwest;whiteSpace=wrap;html=1;" vertex="1" parent="56">
          <mxGeometry y="26" width="140" height="26" as="geometry" />
        </mxCell>
        <mxCell id="58" value="+ Name: string" style="text;strokeColor=none;fillColor=none;align=left;verticalAlign=top;spacingLeft=4;spacingRight=4;overflow=hidden;rotatable=0;points=[[0,0.5],[1,0.5]];portConstraint=eastwest;whiteSpace=wrap;html=1;" vertex="1" parent="56">
          <mxGeometry y="52" width="140" height="26" as="geometry" />
        </mxCell>
        <mxCell id="59" value="+ Status: bool" style="text;strokeColor=none;fillColor=none;align=left;verticalAlign=top;spacingLeft=4;spacingRight=4;overflow=hidden;rotatable=0;points=[[0,0.5],[1,0.5]];portConstraint=eastwest;whiteSpace=wrap;html=1;" vertex="1" parent="56">
          <mxGeometry y="78" width="140" height="26" as="geometry" />
        </mxCell>
        <mxCell id="60" value="+ StoragePlace: Clinic " style="text;strokeColor=none;fillColor=none;align=left;verticalAlign=top;spacingLeft=4;spacingRight=4;overflow=hidden;rotatable=0;points=[[0,0.5],[1,0.5]];portConstraint=eastwest;whiteSpace=wrap;html=1;" vertex="1" parent="56">
          <mxGeometry y="104" width="140" height="26" as="geometry" />
        </mxCell>
        <mxCell id="61" value="+ Manager: Manager" style="text;strokeColor=none;fillColor=none;align=left;verticalAlign=top;spacingLeft=4;spacingRight=4;overflow=hidden;rotatable=0;points=[[0,0.5],[1,0.5]];portConstraint=eastwest;whiteSpace=wrap;html=1;" vertex="1" parent="56">
          <mxGeometry y="130" width="140" height="26" as="geometry" />
        </mxCell>
        <mxCell id="62" value="+ Date: DateTime" style="text;strokeColor=none;fillColor=none;align=left;verticalAlign=top;spacingLeft=4;spacingRight=4;overflow=hidden;rotatable=0;points=[[0,0.5],[1,0.5]];portConstraint=eastwest;whiteSpace=wrap;html=1;" vertex="1" parent="56">
          <mxGeometry y="156" width="140" height="26" as="geometry" />
        </mxCell>
        <mxCell id="63" value="+ DaysInService: num" style="text;strokeColor=none;fillColor=none;align=left;verticalAlign=top;spacingLeft=4;spacingRight=4;overflow=hidden;rotatable=0;points=[[0,0.5],[1,0.5]];portConstraint=eastwest;whiteSpace=wrap;html=1;" vertex="1" parent="56">
          <mxGeometry y="182" width="140" height="26" as="geometry" />
        </mxCell>
        <mxCell id="64" value="+ Comment: string" style="text;strokeColor=none;fillColor=none;align=left;verticalAlign=top;spacingLeft=4;spacingRight=4;overflow=hidden;rotatable=0;points=[[0,0.5],[1,0.5]];portConstraint=eastwest;whiteSpace=wrap;html=1;" vertex="1" parent="56">
          <mxGeometry y="208" width="140" height="26" as="geometry" />
        </mxCell>
        <mxCell id="65" value="+ Subdivision: string" style="text;strokeColor=none;fillColor=none;align=left;verticalAlign=top;spacingLeft=4;spacingRight=4;overflow=hidden;rotatable=0;points=[[0,0.5],[1,0.5]];portConstraint=eastwest;whiteSpace=wrap;html=1;" vertex="1" parent="56">
          <mxGeometry y="234" width="140" height="26" as="geometry" />
        </mxCell>
        <mxCell id="66" value="TextBoxDialog" style="swimlane;fontStyle=0;childLayout=stackLayout;horizontal=1;startSize=26;fillColor=none;horizontalStack=0;resizeParent=1;resizeParentMax=0;resizeLast=0;collapsible=1;marginBottom=0;whiteSpace=wrap;html=1;" vertex="1" parent="1">
          <mxGeometry x="-1500" y="812.25" width="190" height="286" as="geometry">
            <mxRectangle x="-390" y="195" width="90" height="30" as="alternateBounds" />
          </mxGeometry>
        </mxCell>
        <mxCell id="67" value="+ Title: string" style="text;strokeColor=none;fillColor=none;align=left;verticalAlign=top;spacingLeft=4;spacingRight=4;overflow=hidden;rotatable=0;points=[[0,0.5],[1,0.5]];portConstraint=eastwest;whiteSpace=wrap;html=1;" vertex="1" parent="66">
          <mxGeometry y="26" width="190" height="26" as="geometry" />
        </mxCell>
        <mxCell id="68" value="+ Message: string" style="text;strokeColor=none;fillColor=none;align=left;verticalAlign=top;spacingLeft=4;spacingRight=4;overflow=hidden;rotatable=0;points=[[0,0.5],[1,0.5]];portConstraint=eastwest;whiteSpace=wrap;html=1;" vertex="1" parent="66">
          <mxGeometry y="52" width="190" height="26" as="geometry" />
        </mxCell>
        <mxCell id="69" value="+ InputText: string" style="text;strokeColor=none;fillColor=none;align=left;verticalAlign=top;spacingLeft=4;spacingRight=4;overflow=hidden;rotatable=0;points=[[0,0.5],[1,0.5]];portConstraint=eastwest;whiteSpace=wrap;html=1;" vertex="1" parent="66">
          <mxGeometry y="78" width="190" height="26" as="geometry" />
        </mxCell>
        <mxCell id="70" value="+ OkCommand: ICommand" style="text;strokeColor=none;fillColor=none;align=left;verticalAlign=top;spacingLeft=4;spacingRight=4;overflow=hidden;rotatable=0;points=[[0,0.5],[1,0.5]];portConstraint=eastwest;whiteSpace=wrap;html=1;" vertex="1" parent="66">
          <mxGeometry y="104" width="190" height="26" as="geometry" />
        </mxCell>
        <mxCell id="71" value="+ CancelCommand: ICommand" style="text;strokeColor=none;fillColor=none;align=left;verticalAlign=top;spacingLeft=4;spacingRight=4;overflow=hidden;rotatable=0;points=[[0,0.5],[1,0.5]];portConstraint=eastwest;whiteSpace=wrap;html=1;" vertex="1" parent="66">
          <mxGeometry y="130" width="190" height="26" as="geometry" />
        </mxCell>
        <mxCell id="72" value="+ IsShown: bool" style="text;strokeColor=none;fillColor=none;align=left;verticalAlign=top;spacingLeft=4;spacingRight=4;overflow=hidden;rotatable=0;points=[[0,0.5],[1,0.5]];portConstraint=eastwest;whiteSpace=wrap;html=1;" vertex="1" parent="66">
          <mxGeometry y="156" width="190" height="26" as="geometry" />
        </mxCell>
        <mxCell id="73" value="+ ShowDialogAsync(): void" style="text;strokeColor=none;fillColor=none;align=left;verticalAlign=top;spacingLeft=4;spacingRight=4;overflow=hidden;rotatable=0;points=[[0,0.5],[1,0.5]];portConstraint=eastwest;whiteSpace=wrap;html=1;" vertex="1" parent="66">
          <mxGeometry y="182" width="190" height="26" as="geometry" />
        </mxCell>
        <mxCell id="74" value="- Ok(): void" style="text;strokeColor=none;fillColor=none;align=left;verticalAlign=top;spacingLeft=4;spacingRight=4;overflow=hidden;rotatable=0;points=[[0,0.5],[1,0.5]];portConstraint=eastwest;whiteSpace=wrap;html=1;" vertex="1" parent="66">
          <mxGeometry y="208" width="190" height="26" as="geometry" />
        </mxCell>
        <mxCell id="75" value="- Cancel(): void" style="text;strokeColor=none;fillColor=none;align=left;verticalAlign=top;spacingLeft=4;spacingRight=4;overflow=hidden;rotatable=0;points=[[0,0.5],[1,0.5]];portConstraint=eastwest;whiteSpace=wrap;html=1;" vertex="1" parent="66">
          <mxGeometry y="234" width="190" height="26" as="geometry" />
        </mxCell>
        <mxCell id="76" value="- ShowDialog(): void" style="text;strokeColor=none;fillColor=none;align=left;verticalAlign=top;spacingLeft=4;spacingRight=4;overflow=hidden;rotatable=0;points=[[0,0.5],[1,0.5]];portConstraint=eastwest;whiteSpace=wrap;html=1;" vertex="1" parent="66">
          <mxGeometry y="260" width="190" height="26" as="geometry" />
        </mxCell>
        <mxCell id="77" value="ContextMenuMT" style="swimlane;fontStyle=0;childLayout=stackLayout;horizontal=1;startSize=26;fillColor=none;horizontalStack=0;resizeParent=1;resizeParentMax=0;resizeLast=0;collapsible=1;marginBottom=0;whiteSpace=wrap;html=1;" vertex="1" parent="1">
          <mxGeometry x="-1300" y="671.75" width="190" height="52" as="geometry">
            <mxRectangle x="-390" y="195" width="90" height="30" as="alternateBounds" />
          </mxGeometry>
        </mxCell>
        <mxCell id="78" value="- menuItems: List&amp;lt;MenuItem&amp;gt;" style="text;strokeColor=none;fillColor=none;align=left;verticalAlign=top;spacingLeft=4;spacingRight=4;overflow=hidden;rotatable=0;points=[[0,0.5],[1,0.5]];portConstraint=eastwest;whiteSpace=wrap;html=1;" vertex="1" parent="77">
          <mxGeometry y="26" width="190" height="26" as="geometry" />
        </mxCell>
        <mxCell id="79" value="ContextMenuTableMT" style="swimlane;fontStyle=0;childLayout=stackLayout;horizontal=1;startSize=26;fillColor=none;horizontalStack=0;resizeParent=1;resizeParentMax=0;resizeLast=0;collapsible=1;marginBottom=0;whiteSpace=wrap;html=1;" vertex="1" parent="1">
          <mxGeometry x="-1300" y="734.25" width="190" height="78" as="geometry">
            <mxRectangle x="-390" y="195" width="90" height="30" as="alternateBounds" />
          </mxGeometry>
        </mxCell>
        <mxCell id="80" value="- dataGrid: DataGrid" style="text;strokeColor=none;fillColor=none;align=left;verticalAlign=top;spacingLeft=4;spacingRight=4;overflow=hidden;rotatable=0;points=[[0,0.5],[1,0.5]];portConstraint=eastwest;whiteSpace=wrap;html=1;" vertex="1" parent="79">
          <mxGeometry y="26" width="190" height="26" as="geometry" />
        </mxCell>
        <mxCell id="81" value="+ Init(DataGrid): void" style="text;strokeColor=none;fillColor=none;align=left;verticalAlign=top;spacingLeft=4;spacingRight=4;overflow=hidden;rotatable=0;points=[[0,0.5],[1,0.5]];portConstraint=eastwest;whiteSpace=wrap;html=1;" vertex="1" parent="79">
          <mxGeometry y="52" width="190" height="26" as="geometry" />
        </mxCell>
        <mxCell id="82" value="ContextMenuTabControlMT" style="swimlane;fontStyle=0;childLayout=stackLayout;horizontal=1;startSize=26;fillColor=none;horizontalStack=0;resizeParent=1;resizeParentMax=0;resizeLast=0;collapsible=1;marginBottom=0;whiteSpace=wrap;html=1;" vertex="1" parent="1">
          <mxGeometry x="-1720" y="883.75" width="190" height="78" as="geometry">
            <mxRectangle x="-390" y="195" width="90" height="30" as="alternateBounds" />
          </mxGeometry>
        </mxCell>
        <mxCell id="83" value="- dataGrid: DataGrid" style="text;strokeColor=none;fillColor=none;align=left;verticalAlign=top;spacingLeft=4;spacingRight=4;overflow=hidden;rotatable=0;points=[[0,0.5],[1,0.5]];portConstraint=eastwest;whiteSpace=wrap;html=1;" vertex="1" parent="82">
          <mxGeometry y="26" width="190" height="26" as="geometry" />
        </mxCell>
        <mxCell id="84" value="+ Init(DataGrid): void" style="text;strokeColor=none;fillColor=none;align=left;verticalAlign=top;spacingLeft=4;spacingRight=4;overflow=hidden;rotatable=0;points=[[0,0.5],[1,0.5]];portConstraint=eastwest;whiteSpace=wrap;html=1;" vertex="1" parent="82">
          <mxGeometry y="52" width="190" height="26" as="geometry" />
        </mxCell>
        <mxCell id="85" value="ConfirmationDialog" style="swimlane;fontStyle=0;childLayout=stackLayout;horizontal=1;startSize=26;fillColor=none;horizontalStack=0;resizeParent=1;resizeParentMax=0;resizeLast=0;collapsible=1;marginBottom=0;whiteSpace=wrap;html=1;" vertex="1" parent="1">
          <mxGeometry x="-1300" y="825.25" width="190" height="260" as="geometry">
            <mxRectangle x="-390" y="195" width="90" height="30" as="alternateBounds" />
          </mxGeometry>
        </mxCell>
        <mxCell id="86" value="+ Title: string" style="text;strokeColor=none;fillColor=none;align=left;verticalAlign=top;spacingLeft=4;spacingRight=4;overflow=hidden;rotatable=0;points=[[0,0.5],[1,0.5]];portConstraint=eastwest;whiteSpace=wrap;html=1;" vertex="1" parent="85">
          <mxGeometry y="26" width="190" height="26" as="geometry" />
        </mxCell>
        <mxCell id="87" value="+ Message: string" style="text;strokeColor=none;fillColor=none;align=left;verticalAlign=top;spacingLeft=4;spacingRight=4;overflow=hidden;rotatable=0;points=[[0,0.5],[1,0.5]];portConstraint=eastwest;whiteSpace=wrap;html=1;" vertex="1" parent="85">
          <mxGeometry y="52" width="190" height="26" as="geometry" />
        </mxCell>
        <mxCell id="88" value="+ YesCommand: ICommand" style="text;strokeColor=none;fillColor=none;align=left;verticalAlign=top;spacingLeft=4;spacingRight=4;overflow=hidden;rotatable=0;points=[[0,0.5],[1,0.5]];portConstraint=eastwest;whiteSpace=wrap;html=1;" vertex="1" parent="85">
          <mxGeometry y="78" width="190" height="26" as="geometry" />
        </mxCell>
        <mxCell id="89" value="+ NoCommand: ICommand" style="text;strokeColor=none;fillColor=none;align=left;verticalAlign=top;spacingLeft=4;spacingRight=4;overflow=hidden;rotatable=0;points=[[0,0.5],[1,0.5]];portConstraint=eastwest;whiteSpace=wrap;html=1;" vertex="1" parent="85">
          <mxGeometry y="104" width="190" height="26" as="geometry" />
        </mxCell>
        <mxCell id="90" value="+ IsShown: bool" style="text;strokeColor=none;fillColor=none;align=left;verticalAlign=top;spacingLeft=4;spacingRight=4;overflow=hidden;rotatable=0;points=[[0,0.5],[1,0.5]];portConstraint=eastwest;whiteSpace=wrap;html=1;" vertex="1" parent="85">
          <mxGeometry y="130" width="190" height="26" as="geometry" />
        </mxCell>
        <mxCell id="91" value="+ ShowDialogAsync(): void" style="text;strokeColor=none;fillColor=none;align=left;verticalAlign=top;spacingLeft=4;spacingRight=4;overflow=hidden;rotatable=0;points=[[0,0.5],[1,0.5]];portConstraint=eastwest;whiteSpace=wrap;html=1;" vertex="1" parent="85">
          <mxGeometry y="156" width="190" height="26" as="geometry" />
        </mxCell>
        <mxCell id="92" value="- ShowDialog(): void" style="text;strokeColor=none;fillColor=none;align=left;verticalAlign=top;spacingLeft=4;spacingRight=4;overflow=hidden;rotatable=0;points=[[0,0.5],[1,0.5]];portConstraint=eastwest;whiteSpace=wrap;html=1;" vertex="1" parent="85">
          <mxGeometry y="182" width="190" height="26" as="geometry" />
        </mxCell>
        <mxCell id="93" value="- Yes(): void" style="text;strokeColor=none;fillColor=none;align=left;verticalAlign=top;spacingLeft=4;spacingRight=4;overflow=hidden;rotatable=0;points=[[0,0.5],[1,0.5]];portConstraint=eastwest;whiteSpace=wrap;html=1;" vertex="1" parent="85">
          <mxGeometry y="208" width="190" height="26" as="geometry" />
        </mxCell>
        <mxCell id="94" value="- No(): void" style="text;strokeColor=none;fillColor=none;align=left;verticalAlign=top;spacingLeft=4;spacingRight=4;overflow=hidden;rotatable=0;points=[[0,0.5],[1,0.5]];portConstraint=eastwest;whiteSpace=wrap;html=1;" vertex="1" parent="85">
          <mxGeometry y="234" width="190" height="26" as="geometry" />
        </mxCell>
        <mxCell id="95" value="EditWindow" style="swimlane;fontStyle=0;childLayout=stackLayout;horizontal=1;startSize=26;fillColor=none;horizontalStack=0;resizeParent=1;resizeParentMax=0;resizeLast=0;collapsible=1;marginBottom=0;whiteSpace=wrap;html=1;" vertex="1" parent="1">
          <mxGeometry x="-1090" y="560.75" width="310" height="208" as="geometry">
            <mxRectangle x="-390" y="195" width="90" height="30" as="alternateBounds" />
          </mxGeometry>
        </mxCell>
        <mxCell id="96" value="+ SelectedItemModel: EditableItemModel" style="text;strokeColor=none;fillColor=none;align=left;verticalAlign=top;spacingLeft=4;spacingRight=4;overflow=hidden;rotatable=0;points=[[0,0.5],[1,0.5]];portConstraint=eastwest;whiteSpace=wrap;html=1;" vertex="1" parent="95">
          <mxGeometry y="26" width="310" height="26" as="geometry" />
        </mxCell>
        <mxCell id="97" value="+ SaveCommand: ICommand" style="text;strokeColor=none;fillColor=none;align=left;verticalAlign=top;spacingLeft=4;spacingRight=4;overflow=hidden;rotatable=0;points=[[0,0.5],[1,0.5]];portConstraint=eastwest;whiteSpace=wrap;html=1;" vertex="1" parent="95">
          <mxGeometry y="52" width="310" height="26" as="geometry" />
        </mxCell>
        <mxCell id="98" value="+ EditedItem: GridItemViewModel" style="text;strokeColor=none;fillColor=none;align=left;verticalAlign=top;spacingLeft=4;spacingRight=4;overflow=hidden;rotatable=0;points=[[0,0.5],[1,0.5]];portConstraint=eastwest;whiteSpace=wrap;html=1;" vertex="1" parent="95">
          <mxGeometry y="78" width="310" height="26" as="geometry" />
        </mxCell>
        <mxCell id="99" value="+ ReadItem(): void" style="text;strokeColor=none;fillColor=none;align=left;verticalAlign=top;spacingLeft=4;spacingRight=4;overflow=hidden;rotatable=0;points=[[0,0.5],[1,0.5]];portConstraint=eastwest;whiteSpace=wrap;html=1;" vertex="1" parent="95">
          <mxGeometry y="104" width="310" height="26" as="geometry" />
        </mxCell>
        <mxCell id="100" value="+ SaveEditableObject(): void" style="text;strokeColor=none;fillColor=none;align=left;verticalAlign=top;spacingLeft=4;spacingRight=4;overflow=hidden;rotatable=0;points=[[0,0.5],[1,0.5]];portConstraint=eastwest;whiteSpace=wrap;html=1;" vertex="1" parent="95">
          <mxGeometry y="130" width="310" height="26" as="geometry" />
        </mxCell>
        <mxCell id="101" value="- Convert(GridItemViewModel): EditableItemModel" style="text;strokeColor=none;fillColor=none;align=left;verticalAlign=top;spacingLeft=4;spacingRight=4;overflow=hidden;rotatable=0;points=[[0,0.5],[1,0.5]];portConstraint=eastwest;whiteSpace=wrap;html=1;" vertex="1" parent="95">
          <mxGeometry y="156" width="310" height="26" as="geometry" />
        </mxCell>
        <mxCell id="102" value="- Convert(EditableItemModel): GridItemViewModel " style="text;strokeColor=none;fillColor=none;align=left;verticalAlign=top;spacingLeft=4;spacingRight=4;overflow=hidden;rotatable=0;points=[[0,0.5],[1,0.5]];portConstraint=eastwest;whiteSpace=wrap;html=1;" vertex="1" parent="95">
          <mxGeometry y="182" width="310" height="26" as="geometry" />
        </mxCell>
        <mxCell id="103" value="ListBoxMT" style="swimlane;fontStyle=0;childLayout=stackLayout;horizontal=1;startSize=26;fillColor=none;horizontalStack=0;resizeParent=1;resizeParentMax=0;resizeLast=0;collapsible=1;marginBottom=0;whiteSpace=wrap;html=1;" vertex="1" parent="1">
          <mxGeometry x="-1300" y="553.75" width="190" height="104" as="geometry">
            <mxRectangle x="-390" y="195" width="90" height="30" as="alternateBounds" />
          </mxGeometry>
        </mxCell>
        <mxCell id="104" value="- listItems: List&amp;lt;Object&amp;gt;" style="text;strokeColor=none;fillColor=none;align=left;verticalAlign=top;spacingLeft=4;spacingRight=4;overflow=hidden;rotatable=0;points=[[0,0.5],[1,0.5]];portConstraint=eastwest;whiteSpace=wrap;html=1;" vertex="1" parent="103">
          <mxGeometry y="26" width="190" height="26" as="geometry" />
        </mxCell>
        <mxCell id="105" value="+ AddItem(object): void" style="text;strokeColor=none;fillColor=none;align=left;verticalAlign=top;spacingLeft=4;spacingRight=4;overflow=hidden;rotatable=0;points=[[0,0.5],[1,0.5]];portConstraint=eastwest;whiteSpace=wrap;html=1;" vertex="1" parent="103">
          <mxGeometry y="52" width="190" height="26" as="geometry" />
        </mxCell>
        <mxCell id="106" value="+ RemoveItem(object): void" style="text;strokeColor=none;fillColor=none;align=left;verticalAlign=top;spacingLeft=4;spacingRight=4;overflow=hidden;rotatable=0;points=[[0,0.5],[1,0.5]];portConstraint=eastwest;whiteSpace=wrap;html=1;" vertex="1" parent="103">
          <mxGeometry y="78" width="190" height="26" as="geometry" />
        </mxCell>
        <mxCell id="107" value="TabItemMT" style="swimlane;fontStyle=0;childLayout=stackLayout;horizontal=1;startSize=26;fillColor=none;horizontalStack=0;resizeParent=1;resizeParentMax=0;resizeLast=0;collapsible=1;marginBottom=0;whiteSpace=wrap;html=1;" vertex="1" parent="1">
          <mxGeometry x="-1515" y="553.75" width="205" height="78" as="geometry">
            <mxRectangle x="-390" y="195" width="90" height="30" as="alternateBounds" />
          </mxGeometry>
        </mxCell>
        <mxCell id="108" value="- HeaderTextBlock: TextBlock" style="text;strokeColor=none;fillColor=none;align=left;verticalAlign=top;spacingLeft=4;spacingRight=4;overflow=hidden;rotatable=0;points=[[0,0.5],[1,0.5]];portConstraint=eastwest;whiteSpace=wrap;html=1;" vertex="1" parent="107">
          <mxGeometry y="26" width="205" height="26" as="geometry" />
        </mxCell>
        <mxCell id="109" value="+ Rename(): void" style="text;strokeColor=none;fillColor=none;align=left;verticalAlign=top;spacingLeft=4;spacingRight=4;overflow=hidden;rotatable=0;points=[[0,0.5],[1,0.5]];portConstraint=eastwest;whiteSpace=wrap;html=1;" vertex="1" parent="107">
          <mxGeometry y="52" width="205" height="26" as="geometry" />
        </mxCell>
        <mxCell id="110" value="TabControlMT" style="swimlane;fontStyle=0;childLayout=stackLayout;horizontal=1;startSize=26;fillColor=none;horizontalStack=0;resizeParent=1;resizeParentMax=0;resizeLast=0;collapsible=1;marginBottom=0;whiteSpace=wrap;html=1;" vertex="1" parent="1">
          <mxGeometry x="-1515" y="641.75" width="205" height="156" as="geometry">
            <mxRectangle x="-390" y="195" width="90" height="30" as="alternateBounds" />
          </mxGeometry>
        </mxCell>
        <mxCell id="111" value="+ TabItems: List&amp;lt;TabItemMT&amp;gt;" style="text;strokeColor=none;fillColor=none;align=left;verticalAlign=top;spacingLeft=4;spacingRight=4;overflow=hidden;rotatable=0;points=[[0,0.5],[1,0.5]];portConstraint=eastwest;whiteSpace=wrap;html=1;" vertex="1" parent="110">
          <mxGeometry y="26" width="205" height="26" as="geometry" />
        </mxCell>
        <mxCell id="112" value="- SelectedItem: TabItemMT" style="text;strokeColor=none;fillColor=none;align=left;verticalAlign=top;spacingLeft=4;spacingRight=4;overflow=hidden;rotatable=0;points=[[0,0.5],[1,0.5]];portConstraint=eastwest;whiteSpace=wrap;html=1;" vertex="1" parent="110">
          <mxGeometry y="52" width="205" height="26" as="geometry" />
        </mxCell>
        <mxCell id="113" value="+ AddTab(): void" style="text;strokeColor=none;fillColor=none;align=left;verticalAlign=top;spacingLeft=4;spacingRight=4;overflow=hidden;rotatable=0;points=[[0,0.5],[1,0.5]];portConstraint=eastwest;whiteSpace=wrap;html=1;" vertex="1" parent="110">
          <mxGeometry y="78" width="205" height="26" as="geometry" />
        </mxCell>
        <mxCell id="114" value="+ ClearTab(): void" style="text;strokeColor=none;fillColor=none;align=left;verticalAlign=top;spacingLeft=4;spacingRight=4;overflow=hidden;rotatable=0;points=[[0,0.5],[1,0.5]];portConstraint=eastwest;whiteSpace=wrap;html=1;" vertex="1" parent="110">
          <mxGeometry y="104" width="205" height="26" as="geometry" />
        </mxCell>
        <mxCell id="115" value="+ DeleteTab(): void" style="text;strokeColor=none;fillColor=none;align=left;verticalAlign=top;spacingLeft=4;spacingRight=4;overflow=hidden;rotatable=0;points=[[0,0.5],[1,0.5]];portConstraint=eastwest;whiteSpace=wrap;html=1;" vertex="1" parent="110">
          <mxGeometry y="130" width="205" height="26" as="geometry" />
        </mxCell>
        <mxCell id="116" value="ToolRequest" style="swimlane;fontStyle=0;childLayout=stackLayout;horizontal=1;startSize=26;fillColor=none;horizontalStack=0;resizeParent=1;resizeParentMax=0;resizeLast=0;collapsible=1;marginBottom=0;whiteSpace=wrap;html=1;" vertex="1" parent="1">
          <mxGeometry x="-1780" y="770.75" width="250" height="104" as="geometry">
            <mxRectangle x="-390" y="195" width="90" height="30" as="alternateBounds" />
          </mxGeometry>
        </mxCell>
        <mxCell id="117" value="+ SendRequest(string ToolName): void" style="text;strokeColor=none;fillColor=none;align=left;verticalAlign=top;spacingLeft=4;spacingRight=4;overflow=hidden;rotatable=0;points=[[0,0.5],[1,0.5]];portConstraint=eastwest;whiteSpace=wrap;html=1;" vertex="1" parent="116">
          <mxGeometry y="26" width="250" height="26" as="geometry" />
        </mxCell>
        <mxCell id="118" value="+ ResponseRequest(string, bool): void" style="text;strokeColor=none;fillColor=none;align=left;verticalAlign=top;spacingLeft=4;spacingRight=4;overflow=hidden;rotatable=0;points=[[0,0.5],[1,0.5]];portConstraint=eastwest;whiteSpace=wrap;html=1;" vertex="1" parent="116">
          <mxGeometry y="52" width="250" height="26" as="geometry" />
        </mxCell>
        <mxCell id="119" value="+ ResponseCommand(string, bool): void" style="text;strokeColor=none;fillColor=none;align=left;verticalAlign=top;spacingLeft=4;spacingRight=4;overflow=hidden;rotatable=0;points=[[0,0.5],[1,0.5]];portConstraint=eastwest;whiteSpace=wrap;html=1;" vertex="1" parent="116">
          <mxGeometry y="78" width="250" height="26" as="geometry" />
        </mxCell>
        <mxCell id="120" value="Clinic" style="swimlane;fontStyle=0;childLayout=stackLayout;horizontal=1;startSize=26;fillColor=none;horizontalStack=0;resizeParent=1;resizeParentMax=0;resizeLast=0;collapsible=1;marginBottom=0;whiteSpace=wrap;html=1;" vertex="1" parent="1">
          <mxGeometry x="-2240" y="534.5" width="160" height="130" as="geometry">
            <mxRectangle x="-390" y="195" width="90" height="30" as="alternateBounds" />
          </mxGeometry>
        </mxCell>
        <mxCell id="121" value="+ Name: number" style="text;strokeColor=none;fillColor=none;align=left;verticalAlign=top;spacingLeft=4;spacingRight=4;overflow=hidden;rotatable=0;points=[[0,0.5],[1,0.5]];portConstraint=eastwest;whiteSpace=wrap;html=1;" vertex="1" parent="120">
          <mxGeometry y="26" width="160" height="26" as="geometry" />
        </mxCell>
        <mxCell id="122" value="+ Address: string" style="text;strokeColor=none;fillColor=none;align=left;verticalAlign=top;spacingLeft=4;spacingRight=4;overflow=hidden;rotatable=0;points=[[0,0.5],[1,0.5]];portConstraint=eastwest;whiteSpace=wrap;html=1;" vertex="1" parent="120">
          <mxGeometry y="52" width="160" height="26" as="geometry" />
        </mxCell>
        <mxCell id="123" value="+ PhoneNumber: string" style="text;strokeColor=none;fillColor=none;align=left;verticalAlign=top;spacingLeft=4;spacingRight=4;overflow=hidden;rotatable=0;points=[[0,0.5],[1,0.5]];portConstraint=eastwest;whiteSpace=wrap;html=1;" vertex="1" parent="120">
          <mxGeometry y="78" width="160" height="26" as="geometry" />
        </mxCell>
        <mxCell id="124" value="+ Email: string" style="text;strokeColor=none;fillColor=none;align=left;verticalAlign=top;spacingLeft=4;spacingRight=4;overflow=hidden;rotatable=0;points=[[0,0.5],[1,0.5]];portConstraint=eastwest;whiteSpace=wrap;html=1;" vertex="1" parent="120">
          <mxGeometry y="104" width="160" height="26" as="geometry" />
        </mxCell>
        <mxCell id="125" value="User" style="swimlane;fontStyle=0;childLayout=stackLayout;horizontal=1;startSize=26;fillColor=none;horizontalStack=0;resizeParent=1;resizeParentMax=0;resizeLast=0;collapsible=1;marginBottom=0;whiteSpace=wrap;html=1;" vertex="1" parent="1">
          <mxGeometry x="-2240" y="677" width="160" height="156" as="geometry">
            <mxRectangle x="-390" y="195" width="90" height="30" as="alternateBounds" />
          </mxGeometry>
        </mxCell>
        <mxCell id="126" value="+ Name: string" style="text;strokeColor=none;fillColor=none;align=left;verticalAlign=top;spacingLeft=4;spacingRight=4;overflow=hidden;rotatable=0;points=[[0,0.5],[1,0.5]];portConstraint=eastwest;whiteSpace=wrap;html=1;" vertex="1" parent="125">
          <mxGeometry y="26" width="160" height="26" as="geometry" />
        </mxCell>
        <mxCell id="127" value="+ SecondName: string" style="text;strokeColor=none;fillColor=none;align=left;verticalAlign=top;spacingLeft=4;spacingRight=4;overflow=hidden;rotatable=0;points=[[0,0.5],[1,0.5]];portConstraint=eastwest;whiteSpace=wrap;html=1;" vertex="1" parent="125">
          <mxGeometry y="52" width="160" height="26" as="geometry" />
        </mxCell>
        <mxCell id="128" value="+ Email: string" style="text;strokeColor=none;fillColor=none;align=left;verticalAlign=top;spacingLeft=4;spacingRight=4;overflow=hidden;rotatable=0;points=[[0,0.5],[1,0.5]];portConstraint=eastwest;whiteSpace=wrap;html=1;" vertex="1" parent="125">
          <mxGeometry y="78" width="160" height="26" as="geometry" />
        </mxCell>
        <mxCell id="129" value="+ PhoneNumber: string" style="text;strokeColor=none;fillColor=none;align=left;verticalAlign=top;spacingLeft=4;spacingRight=4;overflow=hidden;rotatable=0;points=[[0,0.5],[1,0.5]];portConstraint=eastwest;whiteSpace=wrap;html=1;" vertex="1" parent="125">
          <mxGeometry y="104" width="160" height="26" as="geometry" />
        </mxCell>
        <mxCell id="130" value="+ Role: string" style="text;strokeColor=none;fillColor=none;align=left;verticalAlign=top;spacingLeft=4;spacingRight=4;overflow=hidden;rotatable=0;points=[[0,0.5],[1,0.5]];portConstraint=eastwest;whiteSpace=wrap;html=1;" vertex="1" parent="125">
          <mxGeometry y="130" width="160" height="26" as="geometry" />
        </mxCell>
        <mxCell id="131" value="Journal" style="swimlane;fontStyle=0;childLayout=stackLayout;horizontal=1;startSize=26;fillColor=none;horizontalStack=0;resizeParent=1;resizeParentMax=0;resizeLast=0;collapsible=1;marginBottom=0;whiteSpace=wrap;html=1;" vertex="1" parent="1">
          <mxGeometry x="-1090" y="831.75" width="250" height="130" as="geometry">
            <mxRectangle x="-390" y="195" width="90" height="30" as="alternateBounds" />
          </mxGeometry>
        </mxCell>
        <mxCell id="132" value="+ Items: List&amp;lt;ToolJournalItem&amp;gt;" style="text;strokeColor=none;fillColor=none;align=left;verticalAlign=top;spacingLeft=4;spacingRight=4;overflow=hidden;rotatable=0;points=[[0,0.5],[1,0.5]];portConstraint=eastwest;whiteSpace=wrap;html=1;" vertex="1" parent="131">
          <mxGeometry y="26" width="250" height="26" as="geometry" />
        </mxCell>
        <mxCell id="133" value="- RemoveItem(ToolJournalItem): void" style="text;strokeColor=none;fillColor=none;align=left;verticalAlign=top;spacingLeft=4;spacingRight=4;overflow=hidden;rotatable=0;points=[[0,0.5],[1,0.5]];portConstraint=eastwest;whiteSpace=wrap;html=1;" vertex="1" parent="131">
          <mxGeometry y="52" width="250" height="26" as="geometry" />
        </mxCell>
        <mxCell id="134" value="- AddItem(ToolJournalItem): void" style="text;strokeColor=none;fillColor=none;align=left;verticalAlign=top;spacingLeft=4;spacingRight=4;overflow=hidden;rotatable=0;points=[[0,0.5],[1,0.5]];portConstraint=eastwest;whiteSpace=wrap;html=1;" vertex="1" parent="131">
          <mxGeometry y="78" width="250" height="26" as="geometry" />
        </mxCell>
        <mxCell id="135" value="- TabControlToListen: TabControlMT " style="text;strokeColor=none;fillColor=none;align=left;verticalAlign=top;spacingLeft=4;spacingRight=4;overflow=hidden;rotatable=0;points=[[0,0.5],[1,0.5]];portConstraint=eastwest;whiteSpace=wrap;html=1;" vertex="1" parent="131">
          <mxGeometry y="104" width="250" height="26" as="geometry" />
        </mxCell>
        <mxCell id="136" value="Login" style="swimlane;fontStyle=0;childLayout=stackLayout;horizontal=1;startSize=26;fillColor=none;horizontalStack=0;resizeParent=1;resizeParentMax=0;resizeLast=0;collapsible=1;marginBottom=0;whiteSpace=wrap;html=1;" vertex="1" parent="1">
          <mxGeometry x="-1090" y="981.75" width="250" height="130" as="geometry">
            <mxRectangle x="-390" y="195" width="90" height="30" as="alternateBounds" />
          </mxGeometry>
        </mxCell>
        <mxCell id="137" value="+ Login: TextBox" style="text;strokeColor=none;fillColor=none;align=left;verticalAlign=top;spacingLeft=4;spacingRight=4;overflow=hidden;rotatable=0;points=[[0,0.5],[1,0.5]];portConstraint=eastwest;whiteSpace=wrap;html=1;" vertex="1" parent="136">
          <mxGeometry y="26" width="250" height="26" as="geometry" />
        </mxCell>
        <mxCell id="138" value="+ Password: TextBox" style="text;strokeColor=none;fillColor=none;align=left;verticalAlign=top;spacingLeft=4;spacingRight=4;overflow=hidden;rotatable=0;points=[[0,0.5],[1,0.5]];portConstraint=eastwest;whiteSpace=wrap;html=1;" vertex="1" parent="136">
          <mxGeometry y="52" width="250" height="26" as="geometry" />
        </mxCell>
        <mxCell id="139" value="- Validate(string, string): void" style="text;strokeColor=none;fillColor=none;align=left;verticalAlign=top;spacingLeft=4;spacingRight=4;overflow=hidden;rotatable=0;points=[[0,0.5],[1,0.5]];portConstraint=eastwest;whiteSpace=wrap;html=1;" vertex="1" parent="136">
          <mxGeometry y="78" width="250" height="26" as="geometry" />
        </mxCell>
        <mxCell id="140" value="- apiClient: ApiClient" style="text;strokeColor=none;fillColor=none;align=left;verticalAlign=top;spacingLeft=4;spacingRight=4;overflow=hidden;rotatable=0;points=[[0,0.5],[1,0.5]];portConstraint=eastwest;whiteSpace=wrap;html=1;" vertex="1" parent="136">
          <mxGeometry y="104" width="250" height="26" as="geometry" />
        </mxCell>
        <mxCell id="141" value="ViewModel" style="text;html=1;align=center;verticalAlign=middle;whiteSpace=wrap;rounded=0;" vertex="1" parent="1">
          <mxGeometry x="-1305" y="490.75" width="60" height="30" as="geometry" />
        </mxCell>
        <mxCell id="142" value="Model" style="text;html=1;align=center;verticalAlign=middle;whiteSpace=wrap;rounded=0;" vertex="1" parent="1">
          <mxGeometry x="-2180" y="177" width="60" height="30" as="geometry" />
        </mxCell>
        <mxCell id="143" style="edgeStyle=orthogonalEdgeStyle;rounded=0;orthogonalLoop=1;jettySize=auto;html=1;exitX=0.5;exitY=1;exitDx=0;exitDy=0;entryX=0.5;entryY=0;entryDx=0;entryDy=0;" edge="1" source="144" target="7" parent="1">
          <mxGeometry relative="1" as="geometry" />
        </mxCell>
        <mxCell id="144" value="" style="rounded=0;whiteSpace=wrap;html=1;" vertex="1" parent="1">
          <mxGeometry x="-1810" y="160" width="960" height="290" as="geometry" />
        </mxCell>
        <mxCell id="145" value="DataGridMT" style="swimlane;fontStyle=0;childLayout=stackLayout;horizontal=1;startSize=26;fillColor=none;horizontalStack=0;resizeParent=1;resizeParentMax=0;resizeLast=0;collapsible=1;marginBottom=0;whiteSpace=wrap;html=1;" vertex="1" parent="1">
          <mxGeometry x="-1800" y="233" width="140" height="52" as="geometry">
            <mxRectangle x="-390" y="195" width="90" height="30" as="alternateBounds" />
          </mxGeometry>
        </mxCell>
        <mxCell id="146" value="+ Init(): void" style="text;strokeColor=none;fillColor=none;align=left;verticalAlign=top;spacingLeft=4;spacingRight=4;overflow=hidden;rotatable=0;points=[[0,0.5],[1,0.5]];portConstraint=eastwest;whiteSpace=wrap;html=1;" vertex="1" parent="145">
          <mxGeometry y="26" width="140" height="26" as="geometry" />
        </mxCell>
        <mxCell id="147" value="View" style="text;html=1;align=center;verticalAlign=middle;whiteSpace=wrap;rounded=0;" vertex="1" parent="1">
          <mxGeometry x="-1360" y="170.75" width="60" height="30" as="geometry" />
        </mxCell>
        <mxCell id="148" value="ConfirmationDialog" style="swimlane;fontStyle=0;childLayout=stackLayout;horizontal=1;startSize=26;fillColor=none;horizontalStack=0;resizeParent=1;resizeParentMax=0;resizeLast=0;collapsible=1;marginBottom=0;whiteSpace=wrap;html=1;" vertex="1" parent="1">
          <mxGeometry x="-1640" y="233" width="140" height="52" as="geometry">
            <mxRectangle x="-390" y="195" width="90" height="30" as="alternateBounds" />
          </mxGeometry>
        </mxCell>
        <mxCell id="149" value="+ Init(): void" style="text;strokeColor=none;fillColor=none;align=left;verticalAlign=top;spacingLeft=4;spacingRight=4;overflow=hidden;rotatable=0;points=[[0,0.5],[1,0.5]];portConstraint=eastwest;whiteSpace=wrap;html=1;" vertex="1" parent="148">
          <mxGeometry y="26" width="140" height="26" as="geometry" />
        </mxCell>
        <mxCell id="150" value="ContextMenuTabControl" style="swimlane;fontStyle=0;childLayout=stackLayout;horizontal=1;startSize=26;fillColor=none;horizontalStack=0;resizeParent=1;resizeParentMax=0;resizeLast=0;collapsible=1;marginBottom=0;whiteSpace=wrap;html=1;" vertex="1" parent="1">
          <mxGeometry x="-1480" y="233" width="170" height="52" as="geometry">
            <mxRectangle x="-390" y="195" width="90" height="30" as="alternateBounds" />
          </mxGeometry>
        </mxCell>
        <mxCell id="151" value="+ Init(): void" style="text;strokeColor=none;fillColor=none;align=left;verticalAlign=top;spacingLeft=4;spacingRight=4;overflow=hidden;rotatable=0;points=[[0,0.5],[1,0.5]];portConstraint=eastwest;whiteSpace=wrap;html=1;" vertex="1" parent="150">
          <mxGeometry y="26" width="170" height="26" as="geometry" />
        </mxCell>
        <mxCell id="152" value="ContextMenuTableMT" style="swimlane;fontStyle=0;childLayout=stackLayout;horizontal=1;startSize=26;fillColor=none;horizontalStack=0;resizeParent=1;resizeParentMax=0;resizeLast=0;collapsible=1;marginBottom=0;whiteSpace=wrap;html=1;" vertex="1" parent="1">
          <mxGeometry x="-1290" y="233" width="170" height="52" as="geometry">
            <mxRectangle x="-390" y="195" width="90" height="30" as="alternateBounds" />
          </mxGeometry>
        </mxCell>
        <mxCell id="153" value="+ Init(): void" style="text;strokeColor=none;fillColor=none;align=left;verticalAlign=top;spacingLeft=4;spacingRight=4;overflow=hidden;rotatable=0;points=[[0,0.5],[1,0.5]];portConstraint=eastwest;whiteSpace=wrap;html=1;" vertex="1" parent="152">
          <mxGeometry y="26" width="170" height="26" as="geometry" />
        </mxCell>
        <mxCell id="154" value="TextBoxDialog" style="swimlane;fontStyle=0;childLayout=stackLayout;horizontal=1;startSize=26;fillColor=none;horizontalStack=0;resizeParent=1;resizeParentMax=0;resizeLast=0;collapsible=1;marginBottom=0;whiteSpace=wrap;html=1;" vertex="1" parent="1">
          <mxGeometry x="-1100" y="233" width="170" height="52" as="geometry">
            <mxRectangle x="-390" y="195" width="90" height="30" as="alternateBounds" />
          </mxGeometry>
        </mxCell>
        <mxCell id="155" value="+ Init(): void" style="text;strokeColor=none;fillColor=none;align=left;verticalAlign=top;spacingLeft=4;spacingRight=4;overflow=hidden;rotatable=0;points=[[0,0.5],[1,0.5]];portConstraint=eastwest;whiteSpace=wrap;html=1;" vertex="1" parent="154">
          <mxGeometry y="26" width="170" height="26" as="geometry" />
        </mxCell>
        <mxCell id="156" value="EditWindow" style="swimlane;fontStyle=0;childLayout=stackLayout;horizontal=1;startSize=26;fillColor=none;horizontalStack=0;resizeParent=1;resizeParentMax=0;resizeLast=0;collapsible=1;marginBottom=0;whiteSpace=wrap;html=1;" vertex="1" parent="1">
          <mxGeometry x="-1800" y="297.5" width="170" height="52" as="geometry">
            <mxRectangle x="-390" y="195" width="90" height="30" as="alternateBounds" />
          </mxGeometry>
        </mxCell>
        <mxCell id="157" value="+ Init(): void" style="text;strokeColor=none;fillColor=none;align=left;verticalAlign=top;spacingLeft=4;spacingRight=4;overflow=hidden;rotatable=0;points=[[0,0.5],[1,0.5]];portConstraint=eastwest;whiteSpace=wrap;html=1;" vertex="1" parent="156">
          <mxGeometry y="26" width="170" height="26" as="geometry" />
        </mxCell>
        <mxCell id="158" value="ListBoxMT" style="swimlane;fontStyle=0;childLayout=stackLayout;horizontal=1;startSize=26;fillColor=none;horizontalStack=0;resizeParent=1;resizeParentMax=0;resizeLast=0;collapsible=1;marginBottom=0;whiteSpace=wrap;html=1;" vertex="1" parent="1">
          <mxGeometry x="-1610" y="297.5" width="170" height="52" as="geometry">
            <mxRectangle x="-390" y="195" width="90" height="30" as="alternateBounds" />
          </mxGeometry>
        </mxCell>
        <mxCell id="159" value="+ Init(): void" style="text;strokeColor=none;fillColor=none;align=left;verticalAlign=top;spacingLeft=4;spacingRight=4;overflow=hidden;rotatable=0;points=[[0,0.5],[1,0.5]];portConstraint=eastwest;whiteSpace=wrap;html=1;" vertex="1" parent="158">
          <mxGeometry y="26" width="170" height="26" as="geometry" />
        </mxCell>
        <mxCell id="160" value="ListBoxMT" style="swimlane;fontStyle=0;childLayout=stackLayout;horizontal=1;startSize=26;fillColor=none;horizontalStack=0;resizeParent=1;resizeParentMax=0;resizeLast=0;collapsible=1;marginBottom=0;whiteSpace=wrap;html=1;" vertex="1" parent="1">
          <mxGeometry x="-1420" y="297.5" width="170" height="52" as="geometry">
            <mxRectangle x="-390" y="195" width="90" height="30" as="alternateBounds" />
          </mxGeometry>
        </mxCell>
        <mxCell id="161" value="+ Init(): void" style="text;strokeColor=none;fillColor=none;align=left;verticalAlign=top;spacingLeft=4;spacingRight=4;overflow=hidden;rotatable=0;points=[[0,0.5],[1,0.5]];portConstraint=eastwest;whiteSpace=wrap;html=1;" vertex="1" parent="160">
          <mxGeometry y="26" width="170" height="26" as="geometry" />
        </mxCell>
        <mxCell id="162" value="TabItemMT" style="swimlane;fontStyle=0;childLayout=stackLayout;horizontal=1;startSize=26;fillColor=none;horizontalStack=0;resizeParent=1;resizeParentMax=0;resizeLast=0;collapsible=1;marginBottom=0;whiteSpace=wrap;html=1;" vertex="1" parent="1">
          <mxGeometry x="-1230" y="297.5" width="170" height="52" as="geometry">
            <mxRectangle x="-390" y="195" width="90" height="30" as="alternateBounds" />
          </mxGeometry>
        </mxCell>
        <mxCell id="163" value="+ Init(): void" style="text;strokeColor=none;fillColor=none;align=left;verticalAlign=top;spacingLeft=4;spacingRight=4;overflow=hidden;rotatable=0;points=[[0,0.5],[1,0.5]];portConstraint=eastwest;whiteSpace=wrap;html=1;" vertex="1" parent="162">
          <mxGeometry y="26" width="170" height="26" as="geometry" />
        </mxCell>
        <mxCell id="164" value="TabControlMT" style="swimlane;fontStyle=0;childLayout=stackLayout;horizontal=1;startSize=26;fillColor=none;horizontalStack=0;resizeParent=1;resizeParentMax=0;resizeLast=0;collapsible=1;marginBottom=0;whiteSpace=wrap;html=1;" vertex="1" parent="1">
          <mxGeometry x="-1040" y="299.25" width="170" height="52" as="geometry">
            <mxRectangle x="-390" y="195" width="90" height="30" as="alternateBounds" />
          </mxGeometry>
        </mxCell>
        <mxCell id="165" value="+ Init(): void" style="text;strokeColor=none;fillColor=none;align=left;verticalAlign=top;spacingLeft=4;spacingRight=4;overflow=hidden;rotatable=0;points=[[0,0.5],[1,0.5]];portConstraint=eastwest;whiteSpace=wrap;html=1;" vertex="1" parent="164">
          <mxGeometry y="26" width="170" height="26" as="geometry" />
        </mxCell>
        <mxCell id="166" value="ToolRequestWindow" style="swimlane;fontStyle=0;childLayout=stackLayout;horizontal=1;startSize=26;fillColor=none;horizontalStack=0;resizeParent=1;resizeParentMax=0;resizeLast=0;collapsible=1;marginBottom=0;whiteSpace=wrap;html=1;" vertex="1" parent="1">
          <mxGeometry x="-1800" y="359.5" width="170" height="52" as="geometry">
            <mxRectangle x="-390" y="195" width="90" height="30" as="alternateBounds" />
          </mxGeometry>
        </mxCell>
        <mxCell id="167" value="+ Init(): void" style="text;strokeColor=none;fillColor=none;align=left;verticalAlign=top;spacingLeft=4;spacingRight=4;overflow=hidden;rotatable=0;points=[[0,0.5],[1,0.5]];portConstraint=eastwest;whiteSpace=wrap;html=1;" vertex="1" parent="166">
          <mxGeometry y="26" width="170" height="26" as="geometry" />
        </mxCell>
        <mxCell id="168" value="Journal" style="swimlane;fontStyle=0;childLayout=stackLayout;horizontal=1;startSize=26;fillColor=none;horizontalStack=0;resizeParent=1;resizeParentMax=0;resizeLast=0;collapsible=1;marginBottom=0;whiteSpace=wrap;html=1;" vertex="1" parent="1">
          <mxGeometry x="-1610" y="361.63" width="170" height="52" as="geometry">
            <mxRectangle x="-390" y="195" width="90" height="30" as="alternateBounds" />
          </mxGeometry>
        </mxCell>
        <mxCell id="169" value="+ Init(): void" style="text;strokeColor=none;fillColor=none;align=left;verticalAlign=top;spacingLeft=4;spacingRight=4;overflow=hidden;rotatable=0;points=[[0,0.5],[1,0.5]];portConstraint=eastwest;whiteSpace=wrap;html=1;" vertex="1" parent="168">
          <mxGeometry y="26" width="170" height="26" as="geometry" />
        </mxCell>
        <mxCell id="170" value="LoginWindow" style="swimlane;fontStyle=0;childLayout=stackLayout;horizontal=1;startSize=26;fillColor=none;horizontalStack=0;resizeParent=1;resizeParentMax=0;resizeLast=0;collapsible=1;marginBottom=0;whiteSpace=wrap;html=1;" vertex="1" parent="1">
          <mxGeometry x="-1420" y="361.63" width="170" height="52" as="geometry">
            <mxRectangle x="-390" y="195" width="90" height="30" as="alternateBounds" />
          </mxGeometry>
        </mxCell>
        <mxCell id="171" value="+ Init(): void" style="text;strokeColor=none;fillColor=none;align=left;verticalAlign=top;spacingLeft=4;spacingRight=4;overflow=hidden;rotatable=0;points=[[0,0.5],[1,0.5]];portConstraint=eastwest;whiteSpace=wrap;html=1;" vertex="1" parent="170">
          <mxGeometry y="26" width="170" height="26" as="geometry" />
        </mxCell>
        <mxCell id="172" value="ApiClient" style="swimlane;fontStyle=0;childLayout=stackLayout;horizontal=1;startSize=26;fillColor=none;horizontalStack=0;resizeParent=1;resizeParentMax=0;resizeLast=0;collapsible=1;marginBottom=0;whiteSpace=wrap;html=1;" vertex="1" parent="1">
          <mxGeometry x="-2105" y="1010.25" width="250" height="78" as="geometry">
            <mxRectangle x="-390" y="195" width="90" height="30" as="alternateBounds" />
          </mxGeometry>
        </mxCell>
        <mxCell id="173" value="- &lt;span class=&quot;hljs-title&quot;&gt;GetAsync&lt;/span&gt;(&lt;span class=&quot;hljs-params&quot;&gt;&lt;span class=&quot;hljs-built_in&quot;&gt;string&lt;/span&gt; endpoint&lt;/span&gt;): void" style="text;strokeColor=none;fillColor=none;align=left;verticalAlign=top;spacingLeft=4;spacingRight=4;overflow=hidden;rotatable=0;points=[[0,0.5],[1,0.5]];portConstraint=eastwest;whiteSpace=wrap;html=1;" vertex="1" parent="172">
          <mxGeometry y="26" width="250" height="26" as="geometry" />
        </mxCell>
        <mxCell id="174" value="- PostAsync(string endpoint, T data): void" style="text;strokeColor=none;fillColor=none;align=left;verticalAlign=top;spacingLeft=4;spacingRight=4;overflow=hidden;rotatable=0;points=[[0,0.5],[1,0.5]];portConstraint=eastwest;whiteSpace=wrap;html=1;" vertex="1" parent="172">
          <mxGeometry y="52" width="250" height="26" as="geometry" />
        </mxCell>
        <mxCell id="175" style="edgeStyle=orthogonalEdgeStyle;rounded=0;orthogonalLoop=1;jettySize=auto;html=1;entryX=0.5;entryY=1;entryDx=0;entryDy=0;" edge="1" source="176" target="5" parent="1">
          <mxGeometry relative="1" as="geometry" />
        </mxCell>
        <mxCell id="176" value="" style="rounded=0;whiteSpace=wrap;html=1;" vertex="1" parent="1">
          <mxGeometry x="-2295" y="1415" width="290" height="190" as="geometry" />
        </mxCell>
        <mxCell id="177" value="Auth" style="text;html=1;align=center;verticalAlign=middle;resizable=0;points=[];autosize=1;strokeColor=none;fillColor=none;" vertex="1" parent="1">
          <mxGeometry x="-2175" y="1415" width="50" height="30" as="geometry" />
        </mxCell>
        <mxCell id="178" value="JwtService" style="swimlane;fontStyle=0;childLayout=stackLayout;horizontal=1;startSize=26;fillColor=none;horizontalStack=0;resizeParent=1;resizeParentMax=0;resizeLast=0;collapsible=1;marginBottom=0;whiteSpace=wrap;html=1;" vertex="1" parent="1">
          <mxGeometry x="-2275" y="1445" width="250" height="130" as="geometry">
            <mxRectangle x="-390" y="195" width="90" height="30" as="alternateBounds" />
          </mxGeometry>
        </mxCell>
        <mxCell id="179" value="- SecretKey: string" style="text;strokeColor=none;fillColor=none;align=left;verticalAlign=top;spacingLeft=4;spacingRight=4;overflow=hidden;rotatable=0;points=[[0,0.5],[1,0.5]];portConstraint=eastwest;whiteSpace=wrap;html=1;" vertex="1" parent="178">
          <mxGeometry y="26" width="250" height="26" as="geometry" />
        </mxCell>
        <mxCell id="180" value="- ExpireTime: int" style="text;strokeColor=none;fillColor=none;align=left;verticalAlign=top;spacingLeft=4;spacingRight=4;overflow=hidden;rotatable=0;points=[[0,0.5],[1,0.5]];portConstraint=eastwest;whiteSpace=wrap;html=1;" vertex="1" parent="178">
          <mxGeometry y="52" width="250" height="26" as="geometry" />
        </mxCell>
        <mxCell id="181" value="+ GenerateToken(): string" style="text;strokeColor=none;fillColor=none;align=left;verticalAlign=top;spacingLeft=4;spacingRight=4;overflow=hidden;rotatable=0;points=[[0,0.5],[1,0.5]];portConstraint=eastwest;whiteSpace=wrap;html=1;" vertex="1" parent="178">
          <mxGeometry y="78" width="250" height="26" as="geometry" />
        </mxCell>
        <mxCell id="182" value="+ ValidateToken(): bool" style="text;strokeColor=none;fillColor=none;align=left;verticalAlign=top;spacingLeft=4;spacingRight=4;overflow=hidden;rotatable=0;points=[[0,0.5],[1,0.5]];portConstraint=eastwest;whiteSpace=wrap;html=1;" vertex="1" parent="178">
          <mxGeometry y="104" width="250" height="26" as="geometry" />
        </mxCell>
        <mxCell id="183" style="edgeStyle=orthogonalEdgeStyle;rounded=0;orthogonalLoop=1;jettySize=auto;html=1;entryX=1;entryY=0.5;entryDx=0;entryDy=0;" edge="1" source="185" target="176" parent="1">
          <mxGeometry relative="1" as="geometry" />
        </mxCell>
        <mxCell id="184" style="edgeStyle=orthogonalEdgeStyle;rounded=0;orthogonalLoop=1;jettySize=auto;html=1;exitX=0;exitY=0.75;exitDx=0;exitDy=0;entryX=1;entryY=0.5;entryDx=0;entryDy=0;" edge="1" source="185" target="214" parent="1">
          <mxGeometry relative="1" as="geometry" />
        </mxCell>
        <mxCell id="185" value="" style="rounded=0;whiteSpace=wrap;html=1;" vertex="1" parent="1">
          <mxGeometry x="-1490" y="1190" width="740" height="640" as="geometry" />
        </mxCell>
        <mxCell id="186" value="Server" style="text;html=1;align=center;verticalAlign=middle;resizable=0;points=[];autosize=1;strokeColor=none;fillColor=none;" vertex="1" parent="1">
          <mxGeometry x="-1160" y="1190" width="60" height="30" as="geometry" />
        </mxCell>
        <mxCell id="187" value="" style="rounded=0;whiteSpace=wrap;html=1;" vertex="1" parent="1">
          <mxGeometry x="-1450" y="1220" width="650" height="210" as="geometry" />
        </mxCell>
        <mxCell id="188" value="Repository" style="text;html=1;align=center;verticalAlign=middle;resizable=0;points=[];autosize=1;strokeColor=none;fillColor=none;" vertex="1" parent="1">
          <mxGeometry x="-1175" y="1220" width="80" height="30" as="geometry" />
        </mxCell>
        <mxCell id="189" value="User" style="swimlane;fontStyle=0;childLayout=stackLayout;horizontal=1;startSize=26;fillColor=none;horizontalStack=0;resizeParent=1;resizeParentMax=0;resizeLast=0;collapsible=1;marginBottom=0;whiteSpace=wrap;html=1;" vertex="1" parent="1">
          <mxGeometry x="-1441" y="1252.75" width="281" height="130" as="geometry">
            <mxRectangle x="-390" y="195" width="90" height="30" as="alternateBounds" />
          </mxGeometry>
        </mxCell>
        <mxCell id="190" value="+ GetUserByIdAsync(int id): &lt;span class=&quot;hljs-function&quot;&gt;Task&amp;lt;User&amp;gt; &lt;/span&gt;;&lt;br&gt;    " style="text;strokeColor=none;fillColor=none;align=left;verticalAlign=top;spacingLeft=4;spacingRight=4;overflow=hidden;rotatable=0;points=[[0,0.5],[1,0.5]];portConstraint=eastwest;whiteSpace=wrap;html=1;" vertex="1" parent="189">
          <mxGeometry y="26" width="281" height="26" as="geometry" />
        </mxCell>
        <mxCell id="191" value="&lt;span class=&quot;hljs-function&quot;&gt;+ AddUserAsync(User user): Task&amp;lt;&lt;span class=&quot;hljs-built_in&quot;&gt;string&lt;/span&gt;&amp;gt;&amp;nbsp;&lt;/span&gt;" style="text;strokeColor=none;fillColor=none;align=left;verticalAlign=top;spacingLeft=4;spacingRight=4;overflow=hidden;rotatable=0;points=[[0,0.5],[1,0.5]];portConstraint=eastwest;whiteSpace=wrap;html=1;" vertex="1" parent="189">
          <mxGeometry y="52" width="281" height="26" as="geometry" />
        </mxCell>
        <mxCell id="192" value="&lt;span class=&quot;hljs-function&quot;&gt;+ &lt;/span&gt;&lt;span class=&quot;hljs-function&quot;&gt;GetUserAsync(&lt;span class=&quot;hljs-params&quot;&gt;string name&lt;/span&gt;)&lt;/span&gt;: &lt;span class=&quot;hljs-function&quot;&gt;Task&amp;lt;&lt;span class=&quot;hljs-built_in&quot;&gt;string&lt;/span&gt;&amp;gt; &lt;br&gt;&lt;/span&gt;" style="text;strokeColor=none;fillColor=none;align=left;verticalAlign=top;spacingLeft=4;spacingRight=4;overflow=hidden;rotatable=0;points=[[0,0.5],[1,0.5]];portConstraint=eastwest;whiteSpace=wrap;html=1;" vertex="1" parent="189">
          <mxGeometry y="78" width="281" height="26" as="geometry" />
        </mxCell>
        <mxCell id="193" value="&lt;span class=&quot;hljs-function&quot;&gt;+ RemoveUserAsync(User user): Task&amp;lt;&lt;span class=&quot;hljs-built_in&quot;&gt;string&lt;/span&gt;&amp;gt;&amp;nbsp;&lt;/span&gt;" style="text;strokeColor=none;fillColor=none;align=left;verticalAlign=top;spacingLeft=4;spacingRight=4;overflow=hidden;rotatable=0;points=[[0,0.5],[1,0.5]];portConstraint=eastwest;whiteSpace=wrap;html=1;" vertex="1" parent="189">
          <mxGeometry y="104" width="281" height="26" as="geometry" />
        </mxCell>
        <mxCell id="194" value="ToolRequest" style="swimlane;fontStyle=0;childLayout=stackLayout;horizontal=1;startSize=26;fillColor=none;horizontalStack=0;resizeParent=1;resizeParentMax=0;resizeLast=0;collapsible=1;marginBottom=0;whiteSpace=wrap;html=1;" vertex="1" parent="1">
          <mxGeometry x="-1150" y="1252.75" width="340" height="166" as="geometry">
            <mxRectangle x="-390" y="195" width="90" height="30" as="alternateBounds" />
          </mxGeometry>
        </mxCell>
        <mxCell id="195" value="+ GetRequestByIdAsync(int): &lt;span class=&quot;hljs-function&quot;&gt;Task&amp;lt;Request&amp;gt;&amp;nbsp;&lt;/span&gt;" style="text;strokeColor=none;fillColor=none;align=left;verticalAlign=top;spacingLeft=4;spacingRight=4;overflow=hidden;rotatable=0;points=[[0,0.5],[1,0.5]];portConstraint=eastwest;whiteSpace=wrap;html=1;" vertex="1" parent="194">
          <mxGeometry y="26" width="340" height="26" as="geometry" />
        </mxCell>
        <mxCell id="196" value="&lt;span class=&quot;hljs-title&quot;&gt;+ GetRequestsByUserIdAsync&lt;/span&gt;(int): &lt;span class=&quot;hljs-title&quot;&gt;Task&lt;/span&gt;&amp;lt;&lt;span class=&quot;hljs-title&quot;&gt;IEnumerable&lt;/span&gt;&amp;lt;&lt;span class=&quot;hljs-title&quot;&gt;ToolRequest&lt;/span&gt;&amp;gt;&amp;gt;" style="text;strokeColor=none;fillColor=none;align=left;verticalAlign=top;spacingLeft=4;spacingRight=4;overflow=hidden;rotatable=0;points=[[0,0.5],[1,0.5]];portConstraint=eastwest;whiteSpace=wrap;html=1;" vertex="1" parent="194">
          <mxGeometry y="52" width="340" height="38" as="geometry" />
        </mxCell>
        <mxCell id="197" value="&lt;span class=&quot;hljs-title&quot;&gt;+ &lt;/span&gt;&lt;span class=&quot;hljs-title&quot;&gt;AddRequestAsync&lt;/span&gt;(&lt;span class=&quot;hljs-params&quot;&gt;ToolRequest&lt;/span&gt;) : Task&amp;lt;int&amp;gt;" style="text;strokeColor=none;fillColor=none;align=left;verticalAlign=top;spacingLeft=4;spacingRight=4;overflow=hidden;rotatable=0;points=[[0,0.5],[1,0.5]];portConstraint=eastwest;whiteSpace=wrap;html=1;" vertex="1" parent="194">
          <mxGeometry y="90" width="340" height="38" as="geometry" />
        </mxCell>
        <mxCell id="198" value="&lt;span class=&quot;hljs-keyword&quot;&gt;+ &lt;/span&gt;&lt;span class=&quot;hljs-title&quot;&gt;UpdateRequestAsync&lt;/span&gt;(&lt;span class=&quot;hljs-params&quot;&gt;ToolRequest&lt;/span&gt;) : Task" style="text;strokeColor=none;fillColor=none;align=left;verticalAlign=top;spacingLeft=4;spacingRight=4;overflow=hidden;rotatable=0;points=[[0,0.5],[1,0.5]];portConstraint=eastwest;whiteSpace=wrap;html=1;" vertex="1" parent="194">
          <mxGeometry y="128" width="340" height="38" as="geometry" />
        </mxCell>
        <mxCell id="199" value="" style="rounded=0;whiteSpace=wrap;html=1;" vertex="1" parent="1">
          <mxGeometry x="-1450" y="1530" width="650" height="250" as="geometry" />
        </mxCell>
        <mxCell id="200" value="Controller" style="text;html=1;align=center;verticalAlign=middle;resizable=0;points=[];autosize=1;strokeColor=none;fillColor=none;" vertex="1" parent="1">
          <mxGeometry x="-1165" y="1530" width="80" height="30" as="geometry" />
        </mxCell>
        <mxCell id="201" value="User" style="swimlane;fontStyle=0;childLayout=stackLayout;horizontal=1;startSize=26;fillColor=none;horizontalStack=0;resizeParent=1;resizeParentMax=0;resizeLast=0;collapsible=1;marginBottom=0;whiteSpace=wrap;html=1;" vertex="1" parent="1">
          <mxGeometry x="-1441" y="1570.75" width="281" height="182" as="geometry">
            <mxRectangle x="-390" y="195" width="90" height="30" as="alternateBounds" />
          </mxGeometry>
        </mxCell>
        <mxCell id="202" value="+ GetAll: &lt;span class=&quot;hljs-function&quot;&gt;IEnumerate&amp;lt;User&amp;gt;&lt;/span&gt;" style="text;strokeColor=none;fillColor=none;align=left;verticalAlign=top;spacingLeft=4;spacingRight=4;overflow=hidden;rotatable=0;points=[[0,0.5],[1,0.5]];portConstraint=eastwest;whiteSpace=wrap;html=1;" vertex="1" parent="201">
          <mxGeometry y="26" width="281" height="26" as="geometry" />
        </mxCell>
        <mxCell id="203" value="&lt;span class=&quot;hljs-function&quot;&gt;+ Save(string): void &lt;br&gt;&lt;/span&gt;" style="text;strokeColor=none;fillColor=none;align=left;verticalAlign=top;spacingLeft=4;spacingRight=4;overflow=hidden;rotatable=0;points=[[0,0.5],[1,0.5]];portConstraint=eastwest;whiteSpace=wrap;html=1;" vertex="1" parent="201">
          <mxGeometry y="52" width="281" height="26" as="geometry" />
        </mxCell>
        <mxCell id="204" value="&lt;span class=&quot;hljs-function&quot;&gt;+ Delete(string): void &lt;br&gt;&lt;/span&gt;" style="text;strokeColor=none;fillColor=none;align=left;verticalAlign=top;spacingLeft=4;spacingRight=4;overflow=hidden;rotatable=0;points=[[0,0.5],[1,0.5]];portConstraint=eastwest;whiteSpace=wrap;html=1;" vertex="1" parent="201">
          <mxGeometry y="78" width="281" height="26" as="geometry" />
        </mxCell>
        <mxCell id="205" value="+ Change(string): void" style="text;strokeColor=none;fillColor=none;align=left;verticalAlign=top;spacingLeft=4;spacingRight=4;overflow=hidden;rotatable=0;points=[[0,0.5],[1,0.5]];portConstraint=eastwest;whiteSpace=wrap;html=1;" vertex="1" parent="201">
          <mxGeometry y="104" width="281" height="26" as="geometry" />
        </mxCell>
        <mxCell id="206" value="&lt;span class=&quot;hljs-function&quot;&gt;+ Change(User, string): void &lt;br&gt;&lt;/span&gt;" style="text;strokeColor=none;fillColor=none;align=left;verticalAlign=top;spacingLeft=4;spacingRight=4;overflow=hidden;rotatable=0;points=[[0,0.5],[1,0.5]];portConstraint=eastwest;whiteSpace=wrap;html=1;" vertex="1" parent="201">
          <mxGeometry y="130" width="281" height="26" as="geometry" />
        </mxCell>
        <mxCell id="207" value="+ Get&amp;lt;string&amp;gt;:&amp;nbsp;void" style="text;strokeColor=none;fillColor=none;align=left;verticalAlign=top;spacingLeft=4;spacingRight=4;overflow=hidden;rotatable=0;points=[[0,0.5],[1,0.5]];portConstraint=eastwest;whiteSpace=wrap;html=1;" vertex="1" parent="201">
          <mxGeometry y="156" width="281" height="26" as="geometry" />
        </mxCell>
        <mxCell id="208" value="ToolRequest" style="swimlane;fontStyle=0;childLayout=stackLayout;horizontal=1;startSize=26;fillColor=none;horizontalStack=0;resizeParent=1;resizeParentMax=0;resizeLast=0;collapsible=1;marginBottom=0;whiteSpace=wrap;html=1;" vertex="1" parent="1">
          <mxGeometry x="-1140" y="1570.75" width="281" height="156" as="geometry">
            <mxRectangle x="-390" y="195" width="90" height="30" as="alternateBounds" />
          </mxGeometry>
        </mxCell>
        <mxCell id="209" value="+ GetAll: &lt;span class=&quot;hljs-function&quot;&gt;IEnumerate&amp;lt;User&amp;gt;&lt;/span&gt;" style="text;strokeColor=none;fillColor=none;align=left;verticalAlign=top;spacingLeft=4;spacingRight=4;overflow=hidden;rotatable=0;points=[[0,0.5],[1,0.5]];portConstraint=eastwest;whiteSpace=wrap;html=1;" vertex="1" parent="208">
          <mxGeometry y="26" width="281" height="26" as="geometry" />
        </mxCell>
        <mxCell id="210" value="&lt;span class=&quot;hljs-function&quot;&gt;+ Save(string): void &lt;br&gt;&lt;/span&gt;" style="text;strokeColor=none;fillColor=none;align=left;verticalAlign=top;spacingLeft=4;spacingRight=4;overflow=hidden;rotatable=0;points=[[0,0.5],[1,0.5]];portConstraint=eastwest;whiteSpace=wrap;html=1;" vertex="1" parent="208">
          <mxGeometry y="52" width="281" height="26" as="geometry" />
        </mxCell>
        <mxCell id="211" value="&lt;span class=&quot;hljs-function&quot;&gt;+ Delete(string): void &lt;br&gt;&lt;/span&gt;" style="text;strokeColor=none;fillColor=none;align=left;verticalAlign=top;spacingLeft=4;spacingRight=4;overflow=hidden;rotatable=0;points=[[0,0.5],[1,0.5]];portConstraint=eastwest;whiteSpace=wrap;html=1;" vertex="1" parent="208">
          <mxGeometry y="78" width="281" height="26" as="geometry" />
        </mxCell>
        <mxCell id="212" value="+ Change(string): void" style="text;strokeColor=none;fillColor=none;align=left;verticalAlign=top;spacingLeft=4;spacingRight=4;overflow=hidden;rotatable=0;points=[[0,0.5],[1,0.5]];portConstraint=eastwest;whiteSpace=wrap;html=1;" vertex="1" parent="208">
          <mxGeometry y="104" width="281" height="26" as="geometry" />
        </mxCell>
        <mxCell id="213" value="+ Get&amp;lt;string&amp;gt;:&amp;nbsp;void" style="text;strokeColor=none;fillColor=none;align=left;verticalAlign=top;spacingLeft=4;spacingRight=4;overflow=hidden;rotatable=0;points=[[0,0.5],[1,0.5]];portConstraint=eastwest;whiteSpace=wrap;html=1;" vertex="1" parent="208">
          <mxGeometry y="130" width="281" height="26" as="geometry" />
        </mxCell>
        <mxCell id="214" value="" style="rounded=0;whiteSpace=wrap;html=1;" vertex="1" parent="1">
          <mxGeometry x="-1900" y="1615" width="301.5" height="174" as="geometry" />
        </mxCell>
        <mxCell id="215" value="Database" style="text;html=1;align=center;verticalAlign=middle;resizable=0;points=[];autosize=1;strokeColor=none;fillColor=none;" vertex="1" parent="1">
          <mxGeometry x="-1790.25" y="1620" width="80" height="30" as="geometry" />
        </mxCell>
        <mxCell id="216" value="DbConfig" style="swimlane;fontStyle=0;childLayout=stackLayout;horizontal=1;startSize=26;fillColor=none;horizontalStack=0;resizeParent=1;resizeParentMax=0;resizeLast=0;collapsible=1;marginBottom=0;whiteSpace=wrap;html=1;" vertex="1" parent="1">
          <mxGeometry x="-1891" y="1655.75" width="281" height="104" as="geometry">
            <mxRectangle x="-390" y="195" width="90" height="30" as="alternateBounds" />
          </mxGeometry>
        </mxCell>
        <mxCell id="217" value="+ URLDB: string" style="text;strokeColor=none;fillColor=none;align=left;verticalAlign=top;spacingLeft=4;spacingRight=4;overflow=hidden;rotatable=0;points=[[0,0.5],[1,0.5]];portConstraint=eastwest;whiteSpace=wrap;html=1;" vertex="1" parent="216">
          <mxGeometry y="26" width="281" height="26" as="geometry" />
        </mxCell>
        <mxCell id="218" value="+ Username: string" style="text;strokeColor=none;fillColor=none;align=left;verticalAlign=top;spacingLeft=4;spacingRight=4;overflow=hidden;rotatable=0;points=[[0,0.5],[1,0.5]];portConstraint=eastwest;whiteSpace=wrap;html=1;" vertex="1" parent="216">
          <mxGeometry y="52" width="281" height="26" as="geometry" />
        </mxCell>
        <mxCell id="219" value="&lt;span class=&quot;hljs-function&quot;&gt;+ Password: string&lt;br&gt;&lt;/span&gt;" style="text;strokeColor=none;fillColor=none;align=left;verticalAlign=top;spacingLeft=4;spacingRight=4;overflow=hidden;rotatable=0;points=[[0,0.5],[1,0.5]];portConstraint=eastwest;whiteSpace=wrap;html=1;" vertex="1" parent="216">
          <mxGeometry y="78" width="281" height="26" as="geometry" />
        </mxCell>
        <mxCell id="220" value="" style="endArrow=diamondThin;endFill=0;endSize=24;html=1;rounded=0;" edge="1" source="187" target="200" parent="1">
          <mxGeometry width="160" relative="1" as="geometry">
            <mxPoint x="-1125" y="1430" as="sourcePoint" />
            <mxPoint x="-1125" y="1590" as="targetPoint" />
          </mxGeometry>
        </mxCell>
        <mxCell id="221" value="Client" style="text;html=1;align=center;verticalAlign=middle;resizable=0;points=[];autosize=1;strokeColor=none;fillColor=none;" vertex="1" parent="1">
          <mxGeometry x="-1700" y="127" width="60" height="30" as="geometry" />
        </mxCell>
        <mxCell id="222" style="edgeStyle=orthogonalEdgeStyle;rounded=0;orthogonalLoop=1;jettySize=auto;html=1;entryX=0.003;entryY=0.641;entryDx=0;entryDy=0;entryPerimeter=0;" edge="1" source="4" target="7" parent="1">
          <mxGeometry relative="1" as="geometry" />
        </mxCell>
      </root>
    </mxGraphModel>
  </diagram>
</mxfile>
