<?xml version="1.0" encoding="UTF-8"?>
<mxfile host="app.diagrams.net" agent="Mozilla/5.0 (X11; Linux x86_64; rv:131.0) Gecko/20100101 Firefox/131.0" version="25.0.1">
  <diagram name="Page-1" id="XgSdlRgo0S1tKMD6Im2x">
    <mxGraphModel dx="5366" dy="1536" grid="1" gridSize="10" guides="1" tooltips="1" connect="1" arrows="1" fold="1" page="1" pageScale="1" pageWidth="850" pageHeight="1100" background="#ffffff" math="0" shadow="0">
      <root>
        <mxCell id="0" />
        <mxCell id="1" parent="0" />
        <mxCell id="2" value="" style="html=1;dashed=0;whiteSpace=wrap;" vertex="1" parent="1">
          <mxGeometry x="-90" width="1210" height="870" as="geometry" />
        </mxCell>
        <mxCell id="3" value="Client" style="text;html=1;align=center;verticalAlign=middle;resizable=0;points=[];autosize=1;strokeColor=none;fillColor=none;" vertex="1" parent="1">
          <mxGeometry x="445" y="10" width="60" height="30" as="geometry" />
        </mxCell>
        <mxCell id="4" value="" style="html=1;dashed=0;whiteSpace=wrap;" vertex="1" parent="1">
          <mxGeometry x="-20" y="50" width="1070" height="710" as="geometry" />
        </mxCell>
        <mxCell id="5" value="" style="rounded=0;whiteSpace=wrap;html=1;" vertex="1" parent="1">
          <mxGeometry x="10" y="195.25" width="230" height="384.75" as="geometry" />
        </mxCell>
        <mxCell id="6" value="GridItem" style="rounded=1;whiteSpace=wrap;html=1;" vertex="1" parent="1">
          <mxGeometry x="20" y="225.25" width="210" height="30" as="geometry" />
        </mxCell>
        <mxCell id="7" value="EditableItem" style="rounded=1;whiteSpace=wrap;html=1;" vertex="1" parent="1">
          <mxGeometry x="19" y="262.25" width="210" height="30" as="geometry" />
        </mxCell>
        <mxCell id="8" value="TabItemModel" style="rounded=1;whiteSpace=wrap;html=1;" vertex="1" parent="1">
          <mxGeometry x="19" y="300.25" width="210" height="30" as="geometry" />
        </mxCell>
        <mxCell id="9" style="edgeStyle=orthogonalEdgeStyle;rounded=0;orthogonalLoop=1;jettySize=auto;html=1;exitX=0.5;exitY=1;exitDx=0;exitDy=0;" edge="1" source="11" target="52" parent="1">
          <mxGeometry relative="1" as="geometry" />
        </mxCell>
        <mxCell id="10" style="edgeStyle=orthogonalEdgeStyle;rounded=0;orthogonalLoop=1;jettySize=auto;html=1;exitX=0;exitY=0.5;exitDx=0;exitDy=0;entryX=1;entryY=0.5;entryDx=0;entryDy=0;flowAnimation=0;curved=1;" edge="1" source="11" target="5" parent="1">
          <mxGeometry relative="1" as="geometry" />
        </mxCell>
        <mxCell id="11" value="" style="rounded=0;whiteSpace=wrap;html=1;" vertex="1" parent="1">
          <mxGeometry x="360" y="89.5" width="230" height="640.5" as="geometry" />
        </mxCell>
        <mxCell id="12" value="ContextMenuMT" style="rounded=1;whiteSpace=wrap;html=1;" vertex="1" parent="1">
          <mxGeometry x="370.5" y="157" width="210" height="30" as="geometry" />
        </mxCell>
        <mxCell id="13" value="ContextMenuTabControlMT" style="rounded=1;whiteSpace=wrap;html=1;" vertex="1" parent="1">
          <mxGeometry x="369.5" y="194" width="210" height="30" as="geometry" />
        </mxCell>
        <mxCell id="14" value="ContextMenuTableMT" style="rounded=1;whiteSpace=wrap;html=1;" vertex="1" parent="1">
          <mxGeometry x="369.5" y="232" width="210" height="30" as="geometry" />
        </mxCell>
        <mxCell id="15" value="ViewModel" style="text;html=1;align=center;verticalAlign=middle;resizable=0;points=[];autosize=1;strokeColor=none;fillColor=none;" vertex="1" parent="1">
          <mxGeometry x="430.5" y="93.5" width="90" height="30" as="geometry" />
        </mxCell>
        <mxCell id="16" value="ContextMenuItem" style="rounded=1;whiteSpace=wrap;html=1;" vertex="1" parent="1">
          <mxGeometry x="20" y="338.25" width="210" height="30" as="geometry" />
        </mxCell>
        <mxCell id="17" value="ConfirmationDialog" style="rounded=1;whiteSpace=wrap;html=1;" vertex="1" parent="1">
          <mxGeometry x="369.5" y="267.5" width="210" height="30" as="geometry" />
        </mxCell>
        <mxCell id="18" value="TextBoxDialog" style="rounded=1;whiteSpace=wrap;html=1;" vertex="1" parent="1">
          <mxGeometry x="369.5" y="305" width="210" height="30" as="geometry" />
        </mxCell>
        <mxCell id="19" value="EditWindow" style="rounded=1;whiteSpace=wrap;html=1;" vertex="1" parent="1">
          <mxGeometry x="369.5" y="343.5" width="210" height="30" as="geometry" />
        </mxCell>
        <mxCell id="20" value="DataGridMT" style="rounded=1;whiteSpace=wrap;html=1;" vertex="1" parent="1">
          <mxGeometry x="368.5" y="381.5" width="210" height="30" as="geometry" />
        </mxCell>
        <mxCell id="21" value="GridItem" style="rounded=1;whiteSpace=wrap;html=1;" vertex="1" parent="1">
          <mxGeometry x="368.5" y="420.5" width="210" height="30" as="geometry" />
        </mxCell>
        <mxCell id="22" value="ListBoxMT" style="rounded=1;whiteSpace=wrap;html=1;" vertex="1" parent="1">
          <mxGeometry x="368.5" y="459.5" width="210" height="30" as="geometry" />
        </mxCell>
        <mxCell id="23" value="ToolRequest" style="rounded=1;whiteSpace=wrap;html=1;" vertex="1" parent="1">
          <mxGeometry x="20" y="450.75" width="210" height="30" as="geometry" />
        </mxCell>
        <mxCell id="24" value="Model" style="text;html=1;align=center;verticalAlign=middle;resizable=0;points=[];autosize=1;strokeColor=none;fillColor=none;" vertex="1" parent="1">
          <mxGeometry x="95" y="194.25" width="60" height="30" as="geometry" />
        </mxCell>
        <mxCell id="25" value="Manager" style="rounded=1;whiteSpace=wrap;html=1;" vertex="1" parent="1">
          <mxGeometry x="20" y="376.5" width="210" height="30" as="geometry" />
        </mxCell>
        <mxCell id="26" value="Clinic" style="rounded=1;whiteSpace=wrap;html=1;" vertex="1" parent="1">
          <mxGeometry x="20" y="413.5" width="210" height="30" as="geometry" />
        </mxCell>
        <mxCell id="27" value="TabItemMT" style="rounded=1;whiteSpace=wrap;html=1;" vertex="1" parent="1">
          <mxGeometry x="368.5" y="497.5" width="210" height="30" as="geometry" />
        </mxCell>
        <mxCell id="28" value="TabControlMT" style="rounded=1;whiteSpace=wrap;html=1;" vertex="1" parent="1">
          <mxGeometry x="368.5" y="536.5" width="210" height="30" as="geometry" />
        </mxCell>
        <mxCell id="29" style="edgeStyle=orthogonalEdgeStyle;rounded=0;orthogonalLoop=1;jettySize=auto;html=1;exitX=0;exitY=0.5;exitDx=0;exitDy=0;entryX=1;entryY=0.5;entryDx=0;entryDy=0;curved=1;" edge="1" source="30" target="11" parent="1">
          <mxGeometry relative="1" as="geometry" />
        </mxCell>
        <mxCell id="30" value="" style="rounded=0;whiteSpace=wrap;html=1;" vertex="1" parent="1">
          <mxGeometry x="730" y="85.75" width="230" height="574.25" as="geometry" />
        </mxCell>
        <mxCell id="31" value="DataGridMT" style="rounded=1;whiteSpace=wrap;html=1;" vertex="1" parent="1">
          <mxGeometry x="740.5" y="154.25" width="210" height="30" as="geometry" />
        </mxCell>
        <mxCell id="32" value="ConfirmationDialog" style="rounded=1;whiteSpace=wrap;html=1;" vertex="1" parent="1">
          <mxGeometry x="739.5" y="191.25" width="210" height="30" as="geometry" />
        </mxCell>
        <mxCell id="33" value="TextBoxDialog" style="rounded=1;whiteSpace=wrap;html=1;" vertex="1" parent="1">
          <mxGeometry x="739.5" y="229.25" width="210" height="30" as="geometry" />
        </mxCell>
        <mxCell id="34" value="View" style="text;html=1;align=center;verticalAlign=middle;resizable=0;points=[];autosize=1;strokeColor=none;fillColor=none;" vertex="1" parent="1">
          <mxGeometry x="820.5" y="87.75" width="50" height="30" as="geometry" />
        </mxCell>
        <mxCell id="35" value="EditWindow" style="rounded=1;whiteSpace=wrap;html=1;" vertex="1" parent="1">
          <mxGeometry x="739.5" y="264.75" width="210" height="30" as="geometry" />
        </mxCell>
        <mxCell id="36" value="ListBoxMT" style="rounded=1;whiteSpace=wrap;html=1;" vertex="1" parent="1">
          <mxGeometry x="739.5" y="302.25" width="210" height="30" as="geometry" />
        </mxCell>
        <mxCell id="37" value="EditWindow" style="rounded=1;whiteSpace=wrap;html=1;" vertex="1" parent="1">
          <mxGeometry x="739.5" y="340.75" width="210" height="30" as="geometry" />
        </mxCell>
        <mxCell id="38" value="DataGridMT" style="rounded=1;whiteSpace=wrap;html=1;" vertex="1" parent="1">
          <mxGeometry x="738.5" y="378.75" width="210" height="30" as="geometry" />
        </mxCell>
        <mxCell id="39" value="ListBoxMT" style="rounded=1;whiteSpace=wrap;html=1;" vertex="1" parent="1">
          <mxGeometry x="739.5" y="420.5" width="210" height="30" as="geometry" />
        </mxCell>
        <mxCell id="40" value="TabItemMT" style="rounded=1;whiteSpace=wrap;html=1;" vertex="1" parent="1">
          <mxGeometry x="739.5" y="458.5" width="210" height="30" as="geometry" />
        </mxCell>
        <mxCell id="41" value="TabControlMT" style="rounded=1;whiteSpace=wrap;html=1;" vertex="1" parent="1">
          <mxGeometry x="739.5" y="497.5" width="210" height="30" as="geometry" />
        </mxCell>
        <mxCell id="42" value="Main" style="rounded=1;whiteSpace=wrap;html=1;" vertex="1" parent="1">
          <mxGeometry x="370.5" y="122" width="210" height="30" as="geometry" />
        </mxCell>
        <mxCell id="43" value="MainWindow" style="rounded=1;whiteSpace=wrap;html=1;" vertex="1" parent="1">
          <mxGeometry x="740.5" y="119.25" width="210" height="30" as="geometry" />
        </mxCell>
        <mxCell id="44" value="ToolRequest" style="rounded=1;whiteSpace=wrap;html=1;" vertex="1" parent="1">
          <mxGeometry x="369.5" y="576.5" width="210" height="30" as="geometry" />
        </mxCell>
        <mxCell id="45" value="ToolRequestWindow" style="rounded=1;whiteSpace=wrap;html=1;" vertex="1" parent="1">
          <mxGeometry x="739.5" y="536.25" width="210" height="30" as="geometry" />
        </mxCell>
        <mxCell id="46" value="ToolJournalItem" style="rounded=1;whiteSpace=wrap;html=1;" vertex="1" parent="1">
          <mxGeometry x="19" y="489.75" width="210" height="30" as="geometry" />
        </mxCell>
        <mxCell id="47" value="Journal" style="rounded=1;whiteSpace=wrap;html=1;" vertex="1" parent="1">
          <mxGeometry x="370" y="615" width="210" height="30" as="geometry" />
        </mxCell>
        <mxCell id="48" value="Journal" style="rounded=1;whiteSpace=wrap;html=1;" vertex="1" parent="1">
          <mxGeometry x="740.5" y="574.75" width="210" height="30" as="geometry" />
        </mxCell>
        <mxCell id="49" value="MVVM" style="text;html=1;align=center;verticalAlign=middle;resizable=0;points=[];autosize=1;strokeColor=none;fillColor=none;" vertex="1" parent="1">
          <mxGeometry x="443.5" y="50" width="60" height="30" as="geometry" />
        </mxCell>
        <mxCell id="50" value="" style="rounded=0;whiteSpace=wrap;html=1;" vertex="1" parent="1">
          <mxGeometry x="360.5" y="780" width="230" height="80" as="geometry" />
        </mxCell>
        <mxCell id="51" value="ApiClient" style="rounded=1;whiteSpace=wrap;html=1;" vertex="1" parent="1">
          <mxGeometry x="370.5" y="810" width="210" height="30" as="geometry" />
        </mxCell>
        <mxCell id="52" value="Networking" style="text;html=1;align=center;verticalAlign=middle;resizable=0;points=[];autosize=1;strokeColor=none;fillColor=none;" vertex="1" parent="1">
          <mxGeometry x="429.5" y="780" width="90" height="30" as="geometry" />
        </mxCell>
        <mxCell id="53" value="User" style="rounded=1;whiteSpace=wrap;html=1;" vertex="1" parent="1">
          <mxGeometry x="19" y="527.5" width="210" height="30" as="geometry" />
        </mxCell>
        <mxCell id="54" value="Login" style="rounded=1;whiteSpace=wrap;html=1;" vertex="1" parent="1">
          <mxGeometry x="368.5" y="651" width="210" height="30" as="geometry" />
        </mxCell>
        <mxCell id="55" value="LoginWindow" style="rounded=1;whiteSpace=wrap;html=1;" vertex="1" parent="1">
          <mxGeometry x="741.5" y="614.75" width="210" height="30" as="geometry" />
        </mxCell>
        <mxCell id="56" value="User" style="rounded=1;whiteSpace=wrap;html=1;" vertex="1" parent="1">
          <mxGeometry x="368.5" y="690" width="210" height="30" as="geometry" />
        </mxCell>
        <mxCell id="57" value="" style="rounded=0;whiteSpace=wrap;html=1;" vertex="1" parent="1">
          <mxGeometry x="10" y="910" width="230" height="80" as="geometry" />
        </mxCell>
        <mxCell id="58" value="JwtService" style="rounded=1;whiteSpace=wrap;html=1;" vertex="1" parent="1">
          <mxGeometry x="20" y="940" width="210" height="30" as="geometry" />
        </mxCell>
        <mxCell id="59" style="edgeStyle=orthogonalEdgeStyle;rounded=0;orthogonalLoop=1;jettySize=auto;html=1;entryX=0.5;entryY=1;entryDx=0;entryDy=0;" edge="1" source="60" target="5" parent="1">
          <mxGeometry relative="1" as="geometry" />
        </mxCell>
        <mxCell id="60" value="Auth" style="text;html=1;align=center;verticalAlign=middle;resizable=0;points=[];autosize=1;strokeColor=none;fillColor=none;" vertex="1" parent="1">
          <mxGeometry x="99" y="910" width="50" height="30" as="geometry" />
        </mxCell>
        <mxCell id="61" style="edgeStyle=orthogonalEdgeStyle;rounded=0;orthogonalLoop=1;jettySize=auto;html=1;exitX=1;exitY=0.5;exitDx=0;exitDy=0;entryX=0;entryY=0.5;entryDx=0;entryDy=0;" edge="1" source="62" target="73" parent="1">
          <mxGeometry relative="1" as="geometry" />
        </mxCell>
        <mxCell id="62" value="" style="rounded=0;whiteSpace=wrap;html=1;" vertex="1" parent="1">
          <mxGeometry x="320" y="910" width="600" height="210" as="geometry" />
        </mxCell>
        <mxCell id="63" value="Server" style="text;html=1;align=center;verticalAlign=middle;resizable=0;points=[];autosize=1;strokeColor=none;fillColor=none;" vertex="1" parent="1">
          <mxGeometry x="710" y="910" width="60" height="30" as="geometry" />
        </mxCell>
        <mxCell id="64" style="edgeStyle=orthogonalEdgeStyle;rounded=0;orthogonalLoop=1;jettySize=auto;html=1;entryX=1;entryY=0.5;entryDx=0;entryDy=0;curved=1;" edge="1" source="65" target="57" parent="1">
          <mxGeometry relative="1" as="geometry" />
        </mxCell>
        <mxCell id="65" value="" style="rounded=0;whiteSpace=wrap;html=1;" vertex="1" parent="1">
          <mxGeometry x="340.25" y="950" width="230" height="130" as="geometry" />
        </mxCell>
        <mxCell id="66" value="Controller" style="text;html=1;align=center;verticalAlign=middle;resizable=0;points=[];autosize=1;strokeColor=none;fillColor=none;" vertex="1" parent="1">
          <mxGeometry x="414.25" y="954" width="80" height="30" as="geometry" />
        </mxCell>
        <mxCell id="67" value="User" style="rounded=1;whiteSpace=wrap;html=1;" vertex="1" parent="1">
          <mxGeometry x="349.25" y="991" width="210" height="30" as="geometry" />
        </mxCell>
        <mxCell id="68" value="ToolRequest" style="rounded=1;whiteSpace=wrap;html=1;" vertex="1" parent="1">
          <mxGeometry x="349.25" y="1030" width="210" height="30" as="geometry" />
        </mxCell>
        <mxCell id="69" value="" style="rounded=0;whiteSpace=wrap;html=1;" vertex="1" parent="1">
          <mxGeometry x="640.5" y="956.75" width="230" height="130" as="geometry" />
        </mxCell>
        <mxCell id="70" value="Repository" style="text;html=1;align=center;verticalAlign=middle;resizable=0;points=[];autosize=1;strokeColor=none;fillColor=none;" vertex="1" parent="1">
          <mxGeometry x="714.5" y="962.75" width="80" height="30" as="geometry" />
        </mxCell>
        <mxCell id="71" value="User" style="rounded=1;whiteSpace=wrap;html=1;" vertex="1" parent="1">
          <mxGeometry x="649.5" y="997.75" width="210" height="30" as="geometry" />
        </mxCell>
        <mxCell id="72" value="ToolRequest" style="rounded=1;whiteSpace=wrap;html=1;" vertex="1" parent="1">
          <mxGeometry x="649.5" y="1036.75" width="210" height="30" as="geometry" />
        </mxCell>
        <mxCell id="73" value="" style="rounded=0;whiteSpace=wrap;html=1;" vertex="1" parent="1">
          <mxGeometry x="1045" y="921.75" width="230" height="80" as="geometry" />
        </mxCell>
        <mxCell id="74" value="PostgresqlConfig" style="rounded=1;whiteSpace=wrap;html=1;" vertex="1" parent="1">
          <mxGeometry x="1055" y="951.75" width="210" height="30" as="geometry" />
        </mxCell>
        <mxCell id="75" value="Database" style="text;html=1;align=center;verticalAlign=middle;resizable=0;points=[];autosize=1;strokeColor=none;fillColor=none;" vertex="1" parent="1">
          <mxGeometry x="1119" y="921.75" width="80" height="30" as="geometry" />
        </mxCell>
        <mxCell id="76" value="" style="endArrow=diamondThin;endFill=0;endSize=24;html=1;rounded=0;" edge="1" source="69" parent="1">
          <mxGeometry width="160" relative="1" as="geometry">
            <mxPoint x="480.5" y="1021.75" as="sourcePoint" />
            <mxPoint x="570" y="1022" as="targetPoint" />
          </mxGeometry>
        </mxCell>
      </root>
    </mxGraphModel>
  </diagram>
</mxfile>
