{"blocks":[{"x":1000,"y":340,"text":"Нажатие кнопки \nпешеходного перехода","width":160,"height":40,"type":"Ввод / вывод","isMenuBlock":false,"fontSize":14,"textHeight":14,"isBold":false,"isItalic":false,"textAlign":"center","labelsPosition":1},{"x":1000,"y":250,"text":"Машины едут,\nпешеходы стоят","width":120,"height":40,"type":"Блок","isMenuBlock":false,"fontSize":14,"textHeight":14,"isBold":false,"isItalic":false,"textAlign":"center","labelsPosition":1},{"x":1000,"y":440,"text":"Машины едут,\nпешеходы ждут,\nгорит \"Ждите\"","width":120,"height":60,"type":"Блок","isMenuBlock":false,"fontSize":14,"textHeight":14,"isBold":false,"isItalic":false,"textAlign":"center","labelsPosition":1},{"x":1000,"y":560,"text":"Время > времени\nзеленого света (авто)?","width":220,"height":80,"type":"Условие","isMenuBlock":false,"fontSize":14,"textHeight":14,"isBold":false,"isItalic":false,"textAlign":"center","labelsPosition":1},{"x":1330,"y":320,"text":"Время > времени\nжелтого света (авто)?","width":220,"height":80,"type":"Условие","isMenuBlock":false,"fontSize":14,"textHeight":14,"isBold":false,"isItalic":false,"textAlign":"center","labelsPosition":1},{"x":1330,"y":200,"text":"Машинам желтый,\nпешеходы ждут,\nгорит \"Ждите\"","width":140,"height":60,"type":"Блок","isMenuBlock":false,"fontSize":14,"textHeight":14,"isBold":false,"isItalic":false,"textAlign":"center","labelsPosition":1},{"x":1330,"y":560,"text":"Время > времени\nзеленого света (авто)?","width":220,"height":80,"type":"Условие","isMenuBlock":false,"fontSize":14,"textHeight":14,"isBold":false,"isItalic":false,"textAlign":"center","labelsPosition":1},{"x":1330,"y":430,"text":"Машины стоят, \nпешеходы идут","width":140,"height":60,"type":"Блок","isMenuBlock":false,"fontSize":14,"textHeight":14,"isBold":false,"isItalic":false,"textAlign":"center","labelsPosition":1},{"x":1000,"y":180,"text":"Включено?","width":100,"height":40,"type":"Условие","isMenuBlock":false,"fontSize":14,"textHeight":14,"isBold":false,"isItalic":false,"textAlign":"center","labelsPosition":1},{"x":1510,"y":560,"text":"1","width":30,"height":30,"type":"Ссылка","isMenuBlock":false,"fontSize":14,"textHeight":14,"isBold":false,"isItalic":false,"textAlign":"center","labelsPosition":1},{"x":1000,"y":60,"text":"начало","width":100,"height":30,"type":"Начало / конец","isMenuBlock":false,"fontSize":14,"textHeight":14,"isBold":false,"isItalic":false,"textAlign":"center","labelsPosition":1},{"x":1000,"y":120,"text":"0","width":40,"height":30,"type":"Начало / конец","isMenuBlock":false,"fontSize":14,"textHeight":14,"isBold":false,"isItalic":false,"textAlign":"center","labelsPosition":1}],"arrows":[{"startIndex":8,"endIndex":11,"startConnectorIndex":3,"endConnectorIndex":3,"nodes":[{"x":950,"y":180},{"x":930,"y":180},{"x":930,"y":120},{"x":960,"y":120},{"x":980,"y":120}],"counts":[1,1,1,1,1]},{"startIndex":8,"endIndex":1,"startConnectorIndex":1,"endConnectorIndex":1,"nodes":[{"x":1050,"y":180},{"x":1080,"y":180},{"x":1080,"y":250},{"x":1060,"y":250}],"counts":[1,1,1,1]},{"startIndex":1,"endIndex":0,"startConnectorIndex":2,"endConnectorIndex":0,"nodes":[{"x":1000,"y":270},{"x":1000,"y":300},{"x":1000,"y":320}],"counts":[1,1,1]},{"startIndex":0,"endIndex":2,"startConnectorIndex":2,"endConnectorIndex":0,"nodes":[{"x":1000,"y":360},{"x":1000,"y":390},{"x":1000,"y":410}],"counts":[1,1,1]},{"startIndex":3,"endIndex":2,"startConnectorIndex":3,"endConnectorIndex":3,"nodes":[{"x":890,"y":560},{"x":870,"y":560},{"x":870,"y":440},{"x":920,"y":440},{"x":940,"y":440}],"counts":[1,1,1,1,1]},{"startIndex":5,"endIndex":4,"startConnectorIndex":2,"endConnectorIndex":0,"nodes":[{"x":1330,"y":230},{"x":1330,"y":260},{"x":1330,"y":280}],"counts":[1,1,1]},{"startIndex":3,"endIndex":5,"startConnectorIndex":1,"endConnectorIndex":0,"nodes":[{"x":1110,"y":560},{"x":1140,"y":560},{"x":1140,"y":150},{"x":1330,"y":150},{"x":1330,"y":170}],"counts":[1,1,1,1,1]},{"startIndex":4,"endIndex":5,"startConnectorIndex":3,"endConnectorIndex":3,"nodes":[{"x":1220,"y":320},{"x":1200,"y":320},{"x":1200,"y":200},{"x":1240,"y":200},{"x":1260,"y":200}],"counts":[1,1,1,1,1]},{"startIndex":4,"endIndex":7,"startConnectorIndex":1,"endConnectorIndex":1,"nodes":[{"x":1440,"y":320},{"x":1460,"y":320},{"x":1460,"y":430},{"x":1420,"y":430},{"x":1400,"y":430}],"counts":[1,1,1,1,1]},{"startIndex":7,"endIndex":6,"startConnectorIndex":2,"endConnectorIndex":0,"nodes":[{"x":1330,"y":460},{"x":1330,"y":500},{"x":1330,"y":520}],"counts":[1,1,1]},{"startIndex":6,"endIndex":7,"startConnectorIndex":3,"endConnectorIndex":3,"nodes":[{"x":1220,"y":560},{"x":1200,"y":560},{"x":1200,"y":430},{"x":1240,"y":430},{"x":1260,"y":430}],"counts":[1,1,1,1,1]},{"startIndex":11,"endIndex":8,"startConnectorIndex":2,"endConnectorIndex":0,"nodes":[{"x":1000,"y":135},{"x":1000,"y":140},{"x":1000,"y":160}],"counts":[1,1,1]},{"startIndex":6,"endIndex":9,"startConnectorIndex":1,"endConnectorIndex":3,"nodes":[{"x":1440,"y":560},{"x":1480,"y":560},{"x":1495,"y":560}],"counts":[1,1,1]},{"startIndex":10,"endIndex":11,"startConnectorIndex":2,"endConnectorIndex":0,"nodes":[{"x":1000,"y":75},{"x":1000,"y":90},{"x":1000,"y":105}],"counts":[1,1,1]}],"x0":0,"y0":0}