{"blocks":[{"x":880,"y":290,"text":"Время зеленого сигнала \nпешеходного перехода = 15","width":200,"height":60,"type":"Блок","isMenuBlock":false,"fontSize":14,"textHeight":14,"isBold":false,"isItalic":false,"textAlign":"center","labelsPosition":1},{"x":1220,"y":290,"text":"Время зеленого сигнала \nпешеходного перехода = 30","width":200,"height":60,"type":"Блок","isMenuBlock":false,"fontSize":14,"textHeight":14,"isBold":false,"isItalic":false,"textAlign":"center","labelsPosition":1},{"x":1050,"y":200,"text":"Сейчас день?","width":140,"height":60,"type":"Условие","isMenuBlock":false,"fontSize":14,"textHeight":14,"isBold":false,"isItalic":false,"textAlign":"center","labelsPosition":1},{"x":1050,"y":120,"text":"1","width":30,"height":30,"type":"Ссылка","isMenuBlock":false,"fontSize":14,"textHeight":14,"isBold":false,"isItalic":false,"textAlign":"center","labelsPosition":1},{"x":1050,"y":380,"text":"0","width":30,"height":30,"type":"Ссылка","isMenuBlock":false,"fontSize":14,"textHeight":14,"isBold":false,"isItalic":false,"textAlign":"center","labelsPosition":1}],"arrows":[{"startIndex":2,"endIndex":0,"startConnectorIndex":3,"endConnectorIndex":0,"nodes":[{"x":980,"y":200},{"x":880,"y":200},{"x":880,"y":240},{"x":880,"y":260}],"counts":[1,1,1,1]},{"startIndex":2,"endIndex":1,"startConnectorIndex":1,"endConnectorIndex":0,"nodes":[{"x":1120,"y":200},{"x":1220,"y":200},{"x":1220,"y":240},{"x":1220,"y":260}],"counts":[1,1,1,1]},{"startIndex":3,"endIndex":2,"startConnectorIndex":2,"endConnectorIndex":0,"nodes":[{"x":1050,"y":135},{"x":1050,"y":150},{"x":1050,"y":170}],"counts":[1,1,1]},{"startIndex":0,"endIndex":4,"startConnectorIndex":2,"endConnectorIndex":3,"nodes":[{"x":880,"y":320},{"x":880,"y":380},{"x":1020,"y":380},{"x":1035,"y":380}],"counts":[1,1,1,1]},{"startIndex":1,"endIndex":4,"startConnectorIndex":2,"endConnectorIndex":1,"nodes":[{"x":1220,"y":320},{"x":1220,"y":380},{"x":1090,"y":380},{"x":1065,"y":380}],"counts":[1,1,1,1]}],"x0":0,"y0":0}